customer_id,gender,senior_citizen,tenure_months,monthly_charges,contract_type,internet_service,online_security,tech_support,payment_method,support_calls,total_charges,churn
1,Male,0,61,76.26,Month-to-month,DSL,0,0,Debit Card,7,4651.86,1
2,Female,1,9,96.52,One year,Fiber optic,0,1,Debit Card,6,868.68,1
3,Male,0,68,114.04,Month-to-month,No,0,0,Debit Card,6,7754.72,1
4,Male,0,35,21.58,Month-to-month,Fiber optic,0,1,Debit Card,4,755.3,1
5,Male,0,65,72.28,Month-to-month,DSL,1,0,Bank transfer,4,4698.2,1
6,Female,0,8,67.09,Month-to-month,DSL,0,0,Credit card,4,536.72,1
7,Male,0,45,85.61,Month-to-month,No,1,0,Debit Card,6,3852.45,1
8,Male,0,47,75.96,One year,Fiber optic,1,1,Credit card,1,3570.12,1
9,Male,1,40,88.7,One year,Fiber optic,0,0,Bank transfer,7,3548.0,1
10,Female,0,54,85.81,Month-to-month,No,1,0,UPI,6,4633.74,1
11,Male,0,46,31.7,One year,Fiber optic,1,0,Bank transfer,5,1458.2,0
12,Male,0,47,99.97,Month-to-month,Fiber optic,1,0,Debit Card,6,4698.59,0
13,Male,0,15,32.32,Month-to-month,Fiber optic,0,0,UPI,5,484.8,1
14,Male,0,19,89.85,One year,DSL,0,0,Bank transfer,6,1707.15,0
15,Female,0,26,61.61,Month-to-month,Fiber optic,0,0,Bank transfer,6,1601.86,1
16,Male,0,52,71.39,Two year,DSL,1,0,Credit card,1,3712.28,0
17,Female,0,22,110.33,Month-to-month,DSL,0,1,Bank transfer,5,2427.26,0
18,Female,1,21,108.99,One year,DSL,0,1,UPI,1,2288.79,1
19,Female,0,51,101.79,Month-to-month,DSL,0,0,Bank transfer,5,5191.29,1
20,Male,0,38,71.01,Month-to-month,Fiber optic,0,0,Debit Card,1,2698.38,1
21,Female,0,20,93.62,Month-to-month,Fiber optic,0,1,Credit card,1,1872.4,1
22,Male,0,29,71.29,One year,Fiber optic,0,1,UPI,5,2067.41,0
23,Female,0,51,106.96,Month-to-month,DSL,0,0,UPI,1,5454.96,1
24,Female,0,4,60.28,Two year,No,1,1,Bank transfer,6,241.12,1
25,Female,0,55,117.02,Month-to-month,DSL,0,0,Debit Card,5,6436.1,1
26,Female,0,71,113.23,Month-to-month,Fiber optic,1,0,Credit card,1,8039.33,0
27,Female,0,28,94.16,Month-to-month,No,0,0,UPI,6,2636.48,0
28,Female,0,4,47.94,One year,Fiber optic,0,1,Credit card,6,191.76,1
29,Female,0,22,33.17,Two year,Fiber optic,1,0,Bank transfer,4,729.74,1
30,Female,0,45,105.47,Month-to-month,No,1,1,Debit Card,0,4746.15,0
31,Male,0,67,36.53,One year,DSL,0,0,Bank transfer,5,2447.51,1
32,Male,0,66,105.43,Month-to-month,Fiber optic,1,0,Credit card,1,6958.38,1
33,Female,0,34,69.08,One year,Fiber optic,1,0,Bank transfer,4,2348.72,1
34,Female,0,55,60.66,Two year,DSL,1,1,Credit card,0,3336.3,0
35,Female,0,1,110.32,Month-to-month,Fiber optic,0,0,UPI,7,110.32,1
36,Male,1,38,80.39,Month-to-month,Fiber optic,0,0,UPI,7,3054.82,0
37,Female,0,6,77.66,Two year,Fiber optic,0,0,Bank transfer,1,465.96,0
38,Male,0,25,75.88,Two year,DSL,0,1,UPI,7,1897.0,1
39,Male,0,17,57.12,Month-to-month,DSL,0,0,Credit card,0,971.04,1
40,Male,1,61,98.56,Month-to-month,Fiber optic,1,0,UPI,5,6012.16,1
41,Male,0,12,45.28,Month-to-month,DSL,0,0,Debit Card,6,543.36,1
42,Male,0,6,113.89,Month-to-month,Fiber optic,0,1,Debit Card,6,683.34,1
43,Female,0,27,109.4,One year,Fiber optic,0,1,Bank transfer,0,2953.8,0
44,Female,0,8,53.75,One year,Fiber optic,1,1,Bank transfer,7,430.0,1
45,Female,0,65,92.95,Month-to-month,Fiber optic,0,0,Bank transfer,6,6041.75,1
46,Female,1,57,77.32,Month-to-month,Fiber optic,1,0,Bank transfer,7,4407.24,1
47,Female,1,40,53.76,Month-to-month,DSL,0,1,Credit card,2,2150.4,0
48,Male,0,14,118.85,Month-to-month,DSL,1,0,Credit card,3,1663.9,0
49,Female,0,35,22.52,Month-to-month,Fiber optic,1,0,Debit Card,6,788.2,1
50,Female,1,48,45.26,Month-to-month,Fiber optic,0,0,Credit card,2,2172.48,1
51,Male,0,56,72.01,Month-to-month,Fiber optic,1,1,UPI,5,4032.56,0
52,Female,0,49,72.2,Month-to-month,Fiber optic,0,0,Debit Card,5,3537.8,1
53,Male,0,13,78.89,Month-to-month,No,0,0,Bank transfer,0,1025.57,1
54,Female,0,61,95.17,Month-to-month,DSL,0,1,Bank transfer,6,5805.37,1
55,Male,0,49,82.35,Month-to-month,DSL,0,0,Credit card,7,4035.15,1
56,Female,0,46,80.03,Month-to-month,DSL,1,0,Debit Card,6,3681.38,1
57,Female,1,62,25.35,Month-to-month,Fiber optic,0,1,Credit card,7,1571.7,1
58,Male,1,8,57.65,Month-to-month,Fiber optic,0,1,Credit card,7,461.2,1
59,Male,0,43,43.21,Month-to-month,Fiber optic,0,1,Credit card,6,1858.03,1
60,Male,0,20,46.54,One year,Fiber optic,0,1,Debit Card,7,930.8,0
61,Male,1,39,75.43,Two year,No,0,0,Bank transfer,4,2941.77,1
62,Male,0,49,39.95,One year,No,1,1,UPI,1,1957.55,1
63,Male,0,64,49.39,Month-to-month,DSL,0,0,Bank transfer,3,3160.96,1
64,Male,1,62,43.71,Two year,Fiber optic,0,1,Debit Card,6,2710.02,1
65,Male,1,54,114.85,One year,Fiber optic,0,1,Bank transfer,1,6201.9,0
66,Female,0,9,114.47,Month-to-month,DSL,0,1,Bank transfer,4,1030.23,1
67,Female,0,37,80.99,Month-to-month,Fiber optic,0,1,UPI,7,2996.63,1
68,Male,0,49,112.45,Two year,Fiber optic,1,1,Bank transfer,7,5510.05,0
69,Female,0,41,98.58,Month-to-month,DSL,0,0,Bank transfer,5,4041.78,0
70,Female,0,17,78.99,Month-to-month,Fiber optic,0,1,Bank transfer,3,1342.83,1
71,Female,0,21,20.64,One year,Fiber optic,0,0,Credit card,2,433.44,1
72,Female,0,51,97.25,One year,DSL,0,0,Debit Card,5,4959.75,1
73,Male,0,59,90.25,Month-to-month,Fiber optic,1,0,Debit Card,5,5324.75,1
74,Female,0,39,81.53,Month-to-month,DSL,0,0,UPI,7,3179.67,1
75,Male,0,55,96.04,Month-to-month,Fiber optic,0,1,Credit card,0,5282.2,1
76,Female,1,41,71.29,One year,DSL,1,1,Credit card,4,2922.89,1
77,Female,0,39,90.41,Month-to-month,Fiber optic,0,0,Bank transfer,0,3525.99,0
78,Female,0,13,113.52,Month-to-month,Fiber optic,0,0,Debit Card,0,1475.76,1
79,Male,0,64,57.58,One year,DSL,0,0,UPI,1,3685.12,1
80,Female,0,11,90.81,Month-to-month,Fiber optic,0,1,Credit card,5,998.91,1
81,Male,0,19,67.57,One year,Fiber optic,1,0,Bank transfer,7,1283.83,1
82,Female,0,11,87.44,Month-to-month,Fiber optic,0,1,UPI,4,961.84,1
83,Male,0,46,96.29,Month-to-month,Fiber optic,1,1,Credit card,0,4429.34,0
84,Female,0,45,24.55,One year,Fiber optic,0,0,UPI,7,1104.75,0
85,Male,0,1,84.66,Month-to-month,DSL,1,1,Credit card,7,84.66,0
86,Male,0,40,42.67,Month-to-month,DSL,0,1,UPI,7,1706.8,1
87,Female,1,19,87.0,Month-to-month,Fiber optic,0,1,Credit card,2,1653.0,1
88,Male,0,61,66.83,One year,Fiber optic,0,0,Credit card,3,4076.63,1
89,Female,0,12,97.36,Two year,DSL,0,0,UPI,7,1168.32,0
90,Female,0,61,32.34,Two year,Fiber optic,0,1,Credit card,6,1972.74,0
91,Female,0,33,82.63,Month-to-month,DSL,1,0,Credit card,4,2726.79,1
92,Female,0,45,47.85,Month-to-month,Fiber optic,1,1,Credit card,1,2153.25,0
93,Female,0,69,105.3,Month-to-month,DSL,0,0,UPI,4,7265.7,0
94,Female,1,8,112.84,One year,DSL,0,0,UPI,5,902.72,1
95,Female,0,25,119.64,Month-to-month,No,1,0,Credit card,1,2991.0,0
96,Female,0,46,99.6,Two year,DSL,0,0,Credit card,3,4581.6,1
97,Female,0,30,95.37,Month-to-month,Fiber optic,1,0,UPI,7,2861.1,1
98,Female,1,47,41.55,Two year,DSL,0,0,Bank transfer,2,1952.85,1
99,Female,0,49,53.6,One year,Fiber optic,0,0,Credit card,0,2626.4,0
100,Male,0,47,66.57,One year,Fiber optic,0,1,Bank transfer,4,3128.79,0
101,Male,0,18,97.34,Month-to-month,DSL,0,1,UPI,1,1752.12,1
102,Female,0,66,111.5,Month-to-month,Fiber optic,0,0,Credit card,7,7359.0,0
103,Female,0,68,38.91,Month-to-month,Fiber optic,1,0,Bank transfer,3,2645.88,0
104,Female,1,33,112.24,Month-to-month,Fiber optic,1,0,UPI,0,3703.92,0
105,Female,0,36,89.56,Month-to-month,Fiber optic,0,0,Bank transfer,6,3224.16,1
106,Female,0,19,81.08,Month-to-month,Fiber optic,0,0,Debit Card,3,1540.52,0
107,Female,0,28,39.98,Month-to-month,DSL,0,0,UPI,2,1119.44,1
108,Female,0,40,25.55,One year,DSL,1,0,Debit Card,0,1022.0,1
109,Female,0,15,76.85,One year,Fiber optic,0,1,UPI,0,1152.75,1
110,Male,0,41,85.15,Month-to-month,Fiber optic,0,0,UPI,6,3491.15,1
111,Female,0,39,41.08,Two year,DSL,0,1,Credit card,7,1602.12,0
112,Male,0,2,75.65,Month-to-month,Fiber optic,0,0,Debit Card,0,151.3,1
113,Female,0,63,105.65,Month-to-month,Fiber optic,1,1,Debit Card,1,6655.95,1
114,Female,0,29,103.51,Month-to-month,Fiber optic,0,0,Debit Card,0,3001.79,0
115,Male,0,66,112.74,One year,DSL,0,0,UPI,3,7440.84,0
116,Female,0,51,56.59,Month-to-month,Fiber optic,0,0,Debit Card,1,2886.09,0
117,Male,0,10,51.8,Month-to-month,DSL,0,0,Debit Card,0,518.0,1
118,Female,0,14,94.94,One year,Fiber optic,0,0,Credit card,3,1329.16,0
119,Female,1,51,63.11,Month-to-month,Fiber optic,0,0,Bank transfer,3,3218.61,1
120,Male,1,39,28.75,One year,Fiber optic,0,1,Bank transfer,4,1121.25,0
121,Female,0,28,48.28,Two year,DSL,0,0,Debit Card,3,1351.84,0
122,Male,0,3,61.86,Two year,DSL,0,1,Debit Card,6,185.58,0
123,Female,0,70,49.25,Month-to-month,Fiber optic,0,0,Debit Card,5,3447.5,1
124,Male,0,27,53.22,Month-to-month,Fiber optic,1,1,Debit Card,2,1436.94,1
125,Male,0,2,49.38,Month-to-month,DSL,0,0,Bank transfer,0,98.76,1
126,Female,0,38,24.15,Month-to-month,Fiber optic,0,0,Credit card,6,917.7,1
127,Female,0,3,83.71,Month-to-month,DSL,0,0,UPI,0,251.13,1
128,Male,0,16,79.73,Month-to-month,DSL,0,0,Debit Card,0,1275.68,0
129,Female,0,40,85.34,Two year,DSL,0,0,Debit Card,3,3413.6,1
130,Female,0,2,39.23,Two year,DSL,1,0,Bank transfer,3,78.46,0
131,Female,0,41,49.57,Month-to-month,DSL,0,1,Debit Card,0,2032.37,1
132,Male,0,12,81.96,Month-to-month,Fiber optic,0,1,Credit card,5,983.52,1
133,Male,0,35,79.96,Month-to-month,Fiber optic,1,0,Credit card,1,2798.6,0
134,Male,0,65,70.63,Month-to-month,Fiber optic,0,1,Debit Card,1,4590.95,0
135,Male,0,55,55.04,One year,DSL,1,1,Bank transfer,2,3027.2,0
136,Male,0,45,111.29,One year,DSL,0,1,Debit Card,4,5008.05,1
137,Male,0,62,53.98,Two year,DSL,1,0,Debit Card,7,3346.76,0
138,Male,0,49,65.56,One year,DSL,1,0,Bank transfer,6,3212.44,0
139,Male,0,25,87.81,Month-to-month,Fiber optic,1,0,Credit card,2,2195.25,1
140,Male,0,23,74.3,One year,Fiber optic,1,1,UPI,7,1708.9,0
141,Female,0,24,54.69,Month-to-month,DSL,1,0,Debit Card,0,1312.56,1
142,Male,1,38,63.56,Month-to-month,DSL,1,0,Credit card,6,2415.28,1
143,Female,0,28,99.45,Month-to-month,DSL,0,0,Debit Card,0,2784.6,0
144,Female,0,21,47.81,Month-to-month,DSL,0,0,UPI,0,1004.01,0
145,Female,0,54,34.23,Month-to-month,Fiber optic,0,1,Bank transfer,4,1848.42,1
146,Male,0,18,51.32,Month-to-month,DSL,1,0,Credit card,3,923.76,0
147,Male,0,36,104.95,Two year,Fiber optic,1,1,UPI,4,3778.2,1
148,Male,1,45,28.9,Month-to-month,Fiber optic,1,1,Debit Card,2,1300.5,0
149,Male,0,53,119.17,Month-to-month,Fiber optic,1,0,UPI,3,6316.01,0
150,Female,0,30,74.1,Month-to-month,Fiber optic,0,0,Credit card,3,2223.0,1
151,Male,0,60,118.48,One year,Fiber optic,0,1,Bank transfer,2,7108.8,1
152,Male,0,32,113.9,Month-to-month,DSL,0,0,Debit Card,3,3644.8,1
153,Male,0,67,65.28,Two year,Fiber optic,0,0,Bank transfer,6,4373.76,1
154,Male,0,67,39.85,Two year,Fiber optic,0,0,Bank transfer,1,2669.95,0
155,Male,0,28,36.49,Month-to-month,DSL,1,0,UPI,2,1021.72,1
156,Female,1,44,44.0,One year,Fiber optic,1,0,UPI,7,1936.0,1
157,Male,0,41,91.01,Month-to-month,Fiber optic,0,0,Credit card,2,3731.41,1
158,Female,0,63,47.29,Month-to-month,Fiber optic,0,0,Credit card,1,2979.27,1
159,Male,0,23,54.14,One year,DSL,0,0,Bank transfer,4,1245.22,1
160,Female,0,48,64.88,Month-to-month,DSL,0,1,Credit card,4,3114.24,1
161,Male,0,32,111.32,Month-to-month,Fiber optic,0,0,Bank transfer,4,3562.24,1
162,Male,0,57,38.94,Month-to-month,DSL,0,1,Debit Card,3,2219.58,0
163,Female,0,33,20.5,Month-to-month,Fiber optic,0,0,Bank transfer,1,676.5,0
164,Female,0,24,26.01,Two year,Fiber optic,0,1,Credit card,6,624.24,0
165,Female,0,39,110.48,Month-to-month,DSL,1,0,Credit card,2,4308.72,0
166,Male,0,34,84.75,One year,Fiber optic,0,1,Bank transfer,2,2881.5,0
167,Female,0,56,47.3,Month-to-month,Fiber optic,0,0,UPI,2,2648.8,1
168,Male,1,28,37.72,One year,DSL,0,1,Bank transfer,3,1056.16,1
169,Male,0,37,49.43,Month-to-month,Fiber optic,0,0,Bank transfer,3,1828.91,1
170,Female,0,7,31.48,Month-to-month,Fiber optic,0,0,UPI,5,220.36,1
171,Female,1,68,114.15,Two year,Fiber optic,1,0,Debit Card,6,7762.2,0
172,Male,0,37,98.42,Month-to-month,Fiber optic,0,1,UPI,4,3641.54,1
173,Male,1,56,66.24,Month-to-month,Fiber optic,0,1,Credit card,7,3709.44,1
174,Female,0,65,106.5,Month-to-month,Fiber optic,0,0,UPI,5,6922.5,1
175,Female,0,65,44.95,One year,Fiber optic,0,1,Credit card,5,2921.75,1
176,Female,0,47,91.71,Month-to-month,Fiber optic,0,1,Credit card,3,4310.37,1
177,Male,0,20,105.61,Two year,No,0,1,Bank transfer,4,2112.2,1
178,Male,0,19,55.68,Month-to-month,Fiber optic,1,1,Bank transfer,4,1057.92,1
179,Male,0,29,95.75,Month-to-month,DSL,1,1,Debit Card,2,2776.75,0
180,Male,0,60,49.51,One year,Fiber optic,1,0,Credit card,3,2970.6,0
181,Male,0,18,49.89,One year,Fiber optic,0,1,Bank transfer,4,898.02,0
182,Male,0,35,30.71,Two year,DSL,0,0,Credit card,7,1074.85,0
183,Female,1,43,64.01,Two year,No,1,1,Debit Card,5,2752.43,0
184,Male,0,11,92.97,Month-to-month,DSL,0,0,Credit card,1,1022.67,1
185,Male,0,49,114.02,Month-to-month,DSL,0,0,Debit Card,1,5586.98,0
186,Male,0,38,80.38,Month-to-month,No,0,0,Debit Card,3,3054.44,0
187,Female,0,64,106.31,One year,Fiber optic,0,1,Debit Card,2,6803.84,0
188,Male,1,69,102.25,Two year,DSL,0,1,Bank transfer,2,7055.25,0
189,Male,0,8,37.33,Month-to-month,Fiber optic,0,0,UPI,4,298.64,1
190,Female,0,34,68.58,Month-to-month,Fiber optic,0,1,UPI,7,2331.72,1
191,Male,0,48,31.69,Month-to-month,DSL,1,1,Bank transfer,6,1521.12,1
192,Male,0,56,88.22,One year,No,0,1,Credit card,3,4940.32,0
193,Male,0,65,114.99,Month-to-month,Fiber optic,0,0,Bank transfer,6,7474.35,1
194,Male,0,31,33.71,Month-to-month,Fiber optic,0,1,Credit card,1,1045.01,0
195,Male,0,4,93.39,Month-to-month,Fiber optic,0,0,Debit Card,5,373.56,1
196,Female,0,50,83.22,One year,Fiber optic,0,1,Bank transfer,4,4161.0,1
197,Female,0,69,78.36,One year,DSL,1,0,UPI,5,5406.84,1
198,Female,1,30,59.01,One year,DSL,0,0,Credit card,6,1770.3,0
199,Male,1,59,55.51,Month-to-month,Fiber optic,1,1,Bank transfer,4,3275.09,1
200,Male,0,67,24.52,Month-to-month,Fiber optic,0,0,Bank transfer,0,1642.84,1
201,Male,0,45,41.79,One year,DSL,0,0,Credit card,5,1880.55,0
202,Female,0,4,21.52,Two year,Fiber optic,1,1,Debit Card,3,86.08,1
203,Male,0,26,78.14,Month-to-month,Fiber optic,0,0,Debit Card,5,2031.64,1
204,Male,1,27,30.59,Month-to-month,DSL,0,0,Debit Card,5,825.93,1
205,Female,0,46,107.3,Month-to-month,DSL,0,0,Debit Card,4,4935.8,1
206,Male,0,64,72.31,Month-to-month,DSL,0,0,Credit card,1,4627.84,0
207,Female,0,51,89.97,One year,Fiber optic,0,0,UPI,6,4588.47,1
208,Female,0,50,61.09,Month-to-month,DSL,0,0,Bank transfer,0,3054.5,1
209,Female,0,6,76.06,Month-to-month,Fiber optic,0,1,Bank transfer,5,456.36,1
210,Male,0,59,114.27,Month-to-month,Fiber optic,0,0,Debit Card,7,6741.93,1
211,Male,0,15,28.27,Month-to-month,Fiber optic,1,0,Credit card,6,424.05,1
212,Male,0,30,45.39,Month-to-month,DSL,1,0,UPI,7,1361.7,1
213,Male,0,42,98.0,Month-to-month,Fiber optic,1,0,UPI,6,4116.0,1
214,Male,0,37,29.87,Month-to-month,Fiber optic,0,1,Bank transfer,7,1105.19,1
215,Male,0,42,27.57,One year,No,1,1,Debit Card,1,1157.94,0
216,Male,0,35,56.15,Month-to-month,Fiber optic,0,0,Bank transfer,2,1965.25,1
217,Female,0,6,29.22,Month-to-month,Fiber optic,1,0,Bank transfer,0,175.32,1
218,Male,0,68,78.51,Two year,Fiber optic,0,0,UPI,0,5338.68,0
219,Female,0,18,42.63,One year,DSL,0,1,Credit card,7,767.34,0
220,Male,0,29,109.57,One year,DSL,1,0,UPI,7,3177.53,1
221,Male,0,59,98.35,Month-to-month,DSL,0,0,Bank transfer,7,5802.65,1
222,Male,1,47,89.97,Month-to-month,Fiber optic,0,0,Debit Card,6,4228.59,1
223,Female,0,17,81.69,Month-to-month,DSL,1,1,Debit Card,4,1388.73,1
224,Female,0,22,106.35,Month-to-month,DSL,1,1,Credit card,5,2339.7,0
225,Female,0,68,42.31,Month-to-month,No,1,1,Credit card,2,2877.08,1
226,Female,0,69,107.31,Two year,DSL,0,0,Credit card,7,7404.39,1
227,Male,0,37,98.95,Month-to-month,DSL,0,0,Bank transfer,4,3661.15,1
228,Female,0,49,94.82,Month-to-month,DSL,0,0,Bank transfer,3,4646.18,1
229,Male,0,13,76.13,Month-to-month,Fiber optic,0,1,Credit card,1,989.69,1
230,Male,0,34,44.62,Month-to-month,Fiber optic,0,1,Debit Card,1,1517.08,1
231,Female,0,53,62.35,One year,DSL,0,0,Debit Card,4,3304.55,0
232,Female,0,51,99.36,Month-to-month,Fiber optic,0,0,Debit Card,6,5067.36,1
233,Female,0,3,23.18,One year,Fiber optic,0,0,Bank transfer,1,69.54,1
234,Female,0,42,98.21,Two year,Fiber optic,1,0,UPI,5,4124.82,0
235,Female,0,32,44.01,Month-to-month,No,1,0,Debit Card,1,1408.32,0
236,Female,0,51,34.43,Month-to-month,Fiber optic,1,0,Debit Card,5,1755.93,1
237,Female,0,46,31.57,Two year,Fiber optic,1,0,Debit Card,3,1452.22,0
238,Female,0,21,22.73,One year,DSL,0,0,Credit card,7,477.33,0
239,Male,0,44,72.36,Month-to-month,DSL,1,1,Bank transfer,2,3183.84,0
240,Female,0,11,41.83,Two year,DSL,0,0,Credit card,0,460.13,1
241,Female,0,68,118.94,Month-to-month,Fiber optic,1,0,Credit card,4,8087.92,1
242,Male,0,1,77.44,Two year,Fiber optic,1,0,UPI,4,77.44,1
243,Female,0,63,33.79,Month-to-month,Fiber optic,1,1,Credit card,5,2128.77,0
244,Male,0,24,88.88,Month-to-month,DSL,0,1,UPI,3,2133.12,1
245,Male,0,13,109.77,Two year,Fiber optic,0,0,Credit card,3,1427.01,0
246,Female,0,11,94.52,Month-to-month,No,0,0,Debit Card,6,1039.72,1
247,Male,1,51,27.64,Month-to-month,Fiber optic,0,0,Bank transfer,0,1409.64,1
248,Male,0,17,109.59,Month-to-month,Fiber optic,0,1,Credit card,7,1863.03,1
249,Male,1,24,99.39,Two year,Fiber optic,0,1,UPI,2,2385.36,0
250,Male,0,19,35.83,One year,No,0,1,Bank transfer,4,680.77,1
251,Female,0,37,25.18,One year,Fiber optic,0,0,UPI,5,931.66,1
252,Male,0,8,75.73,Month-to-month,Fiber optic,1,1,Debit Card,3,605.84,0
253,Female,1,28,35.6,One year,DSL,0,1,Credit card,7,996.8,0
254,Male,0,5,103.46,Month-to-month,DSL,0,1,Bank transfer,4,517.3,1
255,Male,0,17,55.83,Month-to-month,Fiber optic,1,0,Debit Card,5,949.11,1
256,Male,0,36,111.29,One year,DSL,0,0,Credit card,1,4006.44,0
257,Male,0,19,76.57,Month-to-month,No,1,0,Credit card,7,1454.83,1
258,Female,0,64,38.27,Month-to-month,DSL,0,0,UPI,4,2449.28,1
259,Female,0,11,33.96,Month-to-month,Fiber optic,0,0,UPI,2,373.56,0
260,Male,0,54,77.65,Month-to-month,DSL,0,1,Debit Card,7,4193.1,1
261,Male,0,45,96.19,Two year,DSL,0,1,UPI,5,4328.55,0
262,Female,1,47,98.15,Month-to-month,No,0,1,Debit Card,2,4613.05,1
263,Male,1,12,47.58,One year,DSL,0,0,Debit Card,4,570.96,0
264,Male,0,21,40.42,Month-to-month,DSL,0,0,Debit Card,1,848.82,1
265,Male,0,11,21.68,Month-to-month,DSL,0,1,UPI,2,238.48,1
266,Female,1,5,87.92,Month-to-month,Fiber optic,0,0,Bank transfer,3,439.6,0
267,Female,0,56,27.66,One year,DSL,0,0,Debit Card,5,1548.96,1
268,Female,0,20,62.08,One year,Fiber optic,0,1,Bank transfer,4,1241.6,0
269,Male,1,41,80.17,Two year,Fiber optic,0,1,Credit card,1,3286.97,1
270,Male,0,46,113.71,One year,Fiber optic,0,0,UPI,3,5230.66,0
271,Female,0,12,51.18,Month-to-month,Fiber optic,0,1,UPI,4,614.16,0
272,Female,0,70,44.98,One year,Fiber optic,0,1,Bank transfer,7,3148.6,0
273,Female,1,17,85.42,Two year,DSL,1,1,Credit card,6,1452.14,0
274,Female,1,19,81.92,One year,Fiber optic,0,1,Credit card,1,1556.48,0
275,Male,1,26,53.21,Month-to-month,DSL,1,0,Debit Card,3,1383.46,1
276,Female,0,48,112.81,Month-to-month,Fiber optic,1,1,UPI,2,5414.88,1
277,Male,1,52,104.49,One year,Fiber optic,0,0,Credit card,4,5433.48,1
278,Female,0,70,42.4,One year,Fiber optic,0,0,Credit card,4,2968.0,1
279,Male,0,55,43.91,Month-to-month,Fiber optic,1,1,Debit Card,2,2415.05,0
280,Female,0,33,71.23,Two year,DSL,1,0,Debit Card,6,2350.59,0
281,Female,0,62,97.36,Two year,Fiber optic,0,1,Bank transfer,0,6036.32,1
282,Female,0,23,24.4,Month-to-month,Fiber optic,1,1,UPI,3,561.2,1
283,Female,0,15,89.33,Two year,DSL,1,1,Credit card,2,1339.95,0
284,Male,0,27,84.82,Month-to-month,Fiber optic,0,1,Bank transfer,7,2290.14,1
285,Female,0,64,43.15,Month-to-month,Fiber optic,1,0,UPI,4,2761.6,1
286,Male,0,51,88.14,Month-to-month,No,0,0,Bank transfer,7,4495.14,1
287,Male,0,53,114.02,Month-to-month,Fiber optic,0,0,UPI,3,6043.06,1
288,Male,0,51,24.68,One year,DSL,1,0,UPI,6,1258.68,0
289,Male,0,47,51.97,Month-to-month,DSL,1,0,Credit card,3,2442.59,0
290,Female,0,4,63.82,Month-to-month,Fiber optic,0,0,UPI,7,255.28,1
291,Male,0,7,109.93,Month-to-month,Fiber optic,0,1,Debit Card,7,769.51,1
292,Male,0,35,116.23,Month-to-month,DSL,0,1,Credit card,0,4068.05,1
293,Male,0,48,64.41,Month-to-month,DSL,1,1,Debit Card,4,3091.68,0
294,Female,0,45,95.0,One year,Fiber optic,0,1,Bank transfer,1,4275.0,0
295,Female,1,19,73.17,Month-to-month,DSL,1,0,Bank transfer,0,1390.23,0
296,Female,0,63,73.78,Two year,DSL,1,0,UPI,0,4648.14,0
297,Female,0,38,47.81,One year,DSL,0,0,UPI,1,1816.78,0
298,Male,0,67,41.7,Month-to-month,DSL,0,1,Debit Card,1,2793.9,1
299,Male,1,59,48.8,Two year,Fiber optic,0,0,Debit Card,6,2879.2,1
300,Female,0,69,75.63,Month-to-month,Fiber optic,0,1,Debit Card,6,5218.47,1
301,Male,1,13,22.92,Month-to-month,DSL,0,0,Bank transfer,0,297.96,1
302,Male,0,47,110.72,Month-to-month,DSL,0,0,Debit Card,3,5203.84,0
303,Male,1,61,35.63,Month-to-month,DSL,0,0,Credit card,2,2173.43,1
304,Female,0,31,42.01,Month-to-month,Fiber optic,0,0,Credit card,2,1302.31,1
305,Female,1,22,71.83,One year,DSL,0,0,Bank transfer,0,1580.26,0
306,Male,0,43,91.01,Month-to-month,Fiber optic,0,1,Debit Card,3,3913.43,0
307,Female,0,67,29.57,One year,Fiber optic,0,1,Debit Card,1,1981.19,1
308,Female,0,54,51.77,Month-to-month,DSL,0,0,UPI,5,2795.58,1
309,Female,0,10,116.87,One year,DSL,0,1,Credit card,0,1168.7,0
310,Female,0,42,46.23,Month-to-month,DSL,0,0,Bank transfer,4,1941.66,0
311,Female,1,64,51.31,Month-to-month,Fiber optic,0,1,Debit Card,3,3283.84,0
312,Male,1,21,103.65,Month-to-month,Fiber optic,1,0,UPI,4,2176.65,0
313,Female,0,66,25.02,Month-to-month,DSL,0,1,Bank transfer,4,1651.32,1
314,Male,0,41,66.46,Month-to-month,No,0,0,Bank transfer,0,2724.86,1
315,Male,0,24,57.96,One year,DSL,1,0,Credit card,3,1391.04,1
316,Female,0,35,51.66,Month-to-month,Fiber optic,0,0,Debit Card,4,1808.1,1
317,Male,0,56,48.57,One year,Fiber optic,0,0,Bank transfer,6,2719.92,1
318,Male,0,30,29.14,One year,Fiber optic,1,0,UPI,7,874.2,1
319,Male,0,57,51.48,Two year,Fiber optic,1,0,UPI,6,2934.36,0
320,Female,0,47,24.31,Month-to-month,Fiber optic,1,1,Bank transfer,3,1142.57,1
321,Female,0,35,98.1,Month-to-month,Fiber optic,1,1,UPI,2,3433.5,0
322,Male,0,19,59.82,Two year,Fiber optic,0,1,Bank transfer,7,1136.58,1
323,Female,0,8,64.39,One year,Fiber optic,0,1,UPI,5,515.12,1
324,Female,0,26,109.36,Month-to-month,DSL,0,1,Bank transfer,4,2843.36,1
325,Female,1,71,85.81,Month-to-month,DSL,0,0,Bank transfer,4,6092.51,0
326,Female,0,30,20.81,Month-to-month,Fiber optic,0,0,Bank transfer,3,624.3,1
327,Male,0,7,114.32,Month-to-month,Fiber optic,1,1,UPI,6,800.24,1
328,Male,0,67,43.71,One year,Fiber optic,0,1,Bank transfer,5,2928.57,1
329,Female,0,65,30.76,Month-to-month,Fiber optic,0,0,Credit card,2,1999.4,1
330,Female,1,36,96.81,Month-to-month,Fiber optic,1,0,Bank transfer,4,3485.16,0
331,Male,0,25,70.05,Month-to-month,Fiber optic,1,0,Debit Card,0,1751.25,1
332,Male,0,37,63.38,Month-to-month,Fiber optic,0,1,Debit Card,6,2345.06,0
333,Female,0,1,44.95,One year,Fiber optic,1,0,Credit card,3,44.95,1
334,Male,1,15,74.75,One year,DSL,1,1,Bank transfer,3,1121.25,0
335,Female,1,37,47.44,Month-to-month,DSL,0,1,Debit Card,6,1755.28,0
336,Female,0,13,110.16,Two year,Fiber optic,0,1,Bank transfer,4,1432.08,0
337,Male,0,8,41.52,Month-to-month,DSL,0,0,Debit Card,2,332.16,1
338,Male,0,5,108.44,Month-to-month,No,0,0,UPI,4,542.2,1
339,Female,1,60,75.94,Month-to-month,DSL,0,0,UPI,6,4556.4,1
340,Female,0,1,102.85,Month-to-month,DSL,1,0,Credit card,7,102.85,1
341,Male,1,36,91.28,Month-to-month,No,1,1,Credit card,1,3286.08,0
342,Female,0,35,89.67,Month-to-month,Fiber optic,1,0,Bank transfer,4,3138.45,0
343,Male,0,66,52.43,One year,DSL,1,0,Credit card,5,3460.38,1
344,Female,0,63,43.39,Month-to-month,Fiber optic,1,0,Bank transfer,7,2733.57,0
345,Male,0,23,41.09,One year,Fiber optic,0,1,UPI,6,945.07,1
346,Male,0,9,105.72,Month-to-month,Fiber optic,0,0,UPI,7,951.48,1
347,Male,0,34,102.04,Two year,DSL,1,1,Debit Card,5,3469.36,0
348,Female,0,46,64.06,One year,Fiber optic,0,0,Bank transfer,7,2946.76,0
349,Female,0,4,33.24,Month-to-month,Fiber optic,0,0,UPI,7,132.96,1
350,Male,0,30,58.23,One year,DSL,0,0,UPI,6,1746.9,0
351,Female,0,3,81.93,Month-to-month,Fiber optic,1,0,Bank transfer,1,245.79,0
352,Male,1,14,65.44,One year,Fiber optic,0,1,Debit Card,5,916.16,1
353,Male,1,60,98.02,Month-to-month,Fiber optic,1,0,Debit Card,5,5881.2,1
354,Female,1,45,119.76,One year,Fiber optic,0,0,Debit Card,0,5389.2,1
355,Female,1,34,39.11,One year,DSL,0,1,Debit Card,3,1329.74,1
356,Male,0,45,65.97,Month-to-month,DSL,0,1,UPI,5,2968.65,1
357,Female,0,61,63.1,Month-to-month,Fiber optic,1,1,Bank transfer,3,3849.1,1
358,Female,0,16,50.45,One year,Fiber optic,0,0,Bank transfer,6,807.2,1
359,Male,0,66,39.81,Month-to-month,Fiber optic,1,0,UPI,2,2627.46,0
360,Male,0,40,26.57,Month-to-month,Fiber optic,0,1,UPI,4,1062.8,0
361,Female,0,17,108.71,Month-to-month,DSL,0,1,UPI,0,1848.07,0
362,Male,0,34,61.98,Month-to-month,DSL,0,1,Credit card,6,2107.32,1
363,Male,0,16,69.69,Two year,Fiber optic,0,0,Bank transfer,1,1115.04,1
364,Female,0,60,111.69,Month-to-month,DSL,0,1,Bank transfer,2,6701.4,1
365,Male,0,66,97.63,Month-to-month,Fiber optic,0,1,Bank transfer,7,6443.58,1
366,Male,0,66,33.05,One year,DSL,1,0,Debit Card,0,2181.3,1
367,Female,0,13,76.54,One year,Fiber optic,0,1,UPI,0,995.02,0
368,Female,1,56,64.23,Month-to-month,DSL,0,1,UPI,6,3596.88,0
369,Male,0,31,99.72,Month-to-month,Fiber optic,1,0,UPI,1,3091.32,0
370,Male,0,34,92.42,Two year,Fiber optic,0,0,Credit card,1,3142.28,0
371,Female,1,39,89.04,One year,DSL,0,1,Bank transfer,3,3472.56,0
372,Female,1,67,54.05,Month-to-month,DSL,0,0,UPI,4,3621.35,1
373,Female,1,8,100.5,Month-to-month,DSL,0,0,Credit card,6,804.0,1
374,Female,0,55,25.24,Month-to-month,Fiber optic,0,0,UPI,2,1388.2,0
375,Male,0,27,35.96,Month-to-month,DSL,1,0,Debit Card,4,970.92,0
376,Female,0,53,53.56,Month-to-month,Fiber optic,0,1,Bank transfer,2,2838.68,1
377,Female,0,39,27.68,Two year,No,0,0,Credit card,0,1079.52,1
378,Male,0,65,43.5,Month-to-month,Fiber optic,0,0,UPI,5,2827.5,1
379,Female,0,17,103.02,One year,DSL,1,1,Bank transfer,5,1751.34,1
380,Male,0,30,114.83,Month-to-month,No,0,0,Credit card,6,3444.9,1
381,Female,0,53,50.46,One year,DSL,1,0,Bank transfer,1,2674.38,0
382,Female,0,13,46.45,One year,Fiber optic,1,1,Bank transfer,1,603.85,0
383,Female,0,21,47.99,Month-to-month,Fiber optic,1,0,Debit Card,7,1007.79,1
384,Male,0,19,47.77,Month-to-month,Fiber optic,1,0,Bank transfer,0,907.63,1
385,Male,0,53,23.59,Month-to-month,Fiber optic,0,1,Credit card,0,1250.27,0
386,Female,0,19,112.69,Two year,DSL,1,1,Bank transfer,2,2141.11,0
387,Male,1,57,41.37,Two year,DSL,0,1,Credit card,0,2358.09,0
388,Male,0,25,62.0,Month-to-month,Fiber optic,1,1,Bank transfer,7,1550.0,1
389,Male,0,31,20.97,Month-to-month,DSL,0,1,UPI,6,650.07,0
390,Male,0,55,105.8,Month-to-month,No,1,1,Debit Card,2,5819.0,1
391,Male,0,23,93.12,One year,No,0,1,UPI,4,2141.76,1
392,Male,0,32,114.68,Month-to-month,Fiber optic,0,0,Debit Card,1,3669.76,1
393,Female,0,62,98.16,Month-to-month,Fiber optic,1,0,Credit card,1,6085.92,1
394,Female,0,10,51.37,Month-to-month,Fiber optic,0,1,Debit Card,5,513.7,1
395,Male,0,54,44.79,Month-to-month,No,0,0,Bank transfer,5,2418.66,1
396,Female,1,52,89.77,One year,Fiber optic,0,0,Bank transfer,7,4668.04,0
397,Female,0,20,56.41,Month-to-month,Fiber optic,1,0,UPI,6,1128.2,0
398,Female,0,32,76.62,One year,DSL,0,0,Debit Card,1,2451.84,0
399,Female,1,14,20.63,Month-to-month,DSL,0,0,Credit card,7,288.82,1
400,Male,1,50,26.19,Month-to-month,Fiber optic,0,1,Credit card,6,1309.5,0
401,Female,0,28,73.54,One year,Fiber optic,0,1,Bank transfer,4,2059.12,1
402,Female,0,53,76.61,Two year,Fiber optic,1,1,Credit card,4,4060.33,0
403,Male,0,24,95.15,One year,DSL,1,1,Bank transfer,3,2283.6,0
404,Male,0,22,33.2,Month-to-month,DSL,0,0,Bank transfer,2,730.4,1
405,Female,0,30,71.32,Month-to-month,DSL,0,0,Bank transfer,5,2139.6,1
406,Female,0,63,39.44,Two year,DSL,1,0,UPI,2,2484.72,1
407,Female,0,4,29.32,Month-to-month,DSL,0,1,UPI,5,117.28,1
408,Female,1,59,61.05,Month-to-month,Fiber optic,0,0,Bank transfer,3,3601.95,0
409,Female,1,8,36.33,Two year,Fiber optic,0,0,Bank transfer,1,290.64,1
410,Female,0,12,42.18,One year,Fiber optic,0,1,Bank transfer,7,506.16,1
411,Male,0,31,51.76,Two year,DSL,0,0,Credit card,6,1604.56,1
412,Female,0,34,45.94,Two year,DSL,0,1,Bank transfer,2,1561.96,0
413,Female,0,49,28.76,Two year,Fiber optic,0,1,Bank transfer,5,1409.24,1
414,Male,0,57,28.99,Month-to-month,Fiber optic,0,0,Debit Card,2,1652.43,1
415,Male,0,26,39.32,Month-to-month,DSL,1,0,Debit Card,1,1022.32,0
416,Male,0,18,25.06,Month-to-month,Fiber optic,0,1,Debit Card,6,451.08,1
417,Male,0,38,82.65,Month-to-month,DSL,1,0,Debit Card,0,3140.7,1
418,Female,0,50,48.73,Month-to-month,Fiber optic,0,0,Bank transfer,5,2436.5,1
419,Female,0,8,47.97,Month-to-month,Fiber optic,1,0,Debit Card,7,383.76,1
420,Female,0,41,53.2,Month-to-month,DSL,1,1,Credit card,0,2181.2,0
421,Female,0,6,86.28,Month-to-month,Fiber optic,1,0,Credit card,3,517.68,1
422,Female,1,69,107.06,Month-to-month,DSL,1,1,Debit Card,6,7387.14,0
423,Female,0,44,95.91,Month-to-month,Fiber optic,0,1,UPI,4,4220.04,0
424,Male,0,64,92.75,Month-to-month,Fiber optic,0,0,Credit card,2,5936.0,1
425,Female,0,29,68.44,One year,Fiber optic,0,1,Credit card,5,1984.76,1
426,Male,0,28,89.38,Month-to-month,Fiber optic,0,0,Debit Card,7,2502.64,0
427,Male,0,11,75.28,Month-to-month,Fiber optic,0,0,Debit Card,2,828.08,1
428,Female,0,65,41.63,One year,DSL,1,1,Bank transfer,3,2705.95,0
429,Male,0,19,40.86,Month-to-month,Fiber optic,0,1,Credit card,3,776.34,0
430,Female,0,9,49.64,Month-to-month,DSL,0,0,Debit Card,2,446.76,1
431,Male,1,27,111.08,Month-to-month,DSL,1,1,Debit Card,5,2999.16,0
432,Female,0,34,74.74,Month-to-month,Fiber optic,0,1,Bank transfer,7,2541.16,1
433,Male,0,44,93.39,Two year,DSL,0,1,Credit card,6,4109.16,1
434,Female,1,68,54.66,Month-to-month,DSL,1,0,Debit Card,1,3716.88,0
435,Female,0,15,60.77,One year,Fiber optic,0,1,Bank transfer,6,911.55,0
436,Female,1,51,32.56,Month-to-month,DSL,0,0,Debit Card,1,1660.56,0
437,Female,0,13,37.13,Month-to-month,Fiber optic,1,0,UPI,7,482.69,0
438,Female,0,49,102.74,Month-to-month,DSL,1,1,UPI,4,5034.26,0
439,Male,0,70,78.48,Month-to-month,DSL,1,1,Debit Card,6,5493.6,1
440,Male,0,56,53.75,Month-to-month,DSL,0,0,Credit card,7,3010.0,0
441,Male,0,51,100.29,Month-to-month,Fiber optic,1,0,UPI,2,5114.79,1
442,Female,0,37,44.65,Month-to-month,Fiber optic,0,0,Bank transfer,2,1652.05,1
443,Male,0,17,117.6,One year,DSL,0,1,Debit Card,5,1999.2,1
444,Female,0,58,54.48,Month-to-month,DSL,0,0,Bank transfer,2,3159.84,0
445,Female,0,29,53.73,Two year,No,0,0,UPI,5,1558.17,0
446,Male,1,33,51.19,One year,DSL,0,0,Credit card,7,1689.27,1
447,Male,1,60,32.21,Month-to-month,Fiber optic,0,1,Bank transfer,2,1932.6,1
448,Female,1,55,31.11,Month-to-month,DSL,0,1,UPI,3,1711.05,0
449,Male,0,10,84.81,Month-to-month,Fiber optic,0,1,UPI,0,848.1,0
450,Female,0,47,107.51,One year,DSL,1,1,UPI,7,5052.97,0
451,Female,0,23,99.05,Month-to-month,Fiber optic,0,0,Bank transfer,2,2278.15,1
452,Female,0,21,34.11,One year,Fiber optic,0,0,UPI,0,716.31,0
453,Female,0,13,74.56,Month-to-month,Fiber optic,0,0,Debit Card,1,969.28,1
454,Female,0,33,30.56,One year,DSL,0,1,UPI,4,1008.48,0
455,Male,0,24,24.53,Month-to-month,Fiber optic,0,0,Debit Card,6,588.72,1
456,Male,0,11,85.64,Two year,Fiber optic,0,0,Credit card,6,942.04,0
457,Female,0,17,73.52,Month-to-month,DSL,0,0,Debit Card,7,1249.84,1
458,Female,0,68,28.2,Month-to-month,DSL,1,0,Credit card,1,1917.6,0
459,Male,0,47,23.49,Month-to-month,Fiber optic,0,0,Credit card,2,1104.03,1
460,Male,1,25,118.98,Month-to-month,DSL,0,1,Debit Card,6,2974.5,1
461,Female,0,21,23.0,Two year,Fiber optic,0,1,Credit card,5,483.0,1
462,Male,0,12,64.45,Month-to-month,Fiber optic,0,1,Debit Card,1,773.4,1
463,Female,0,37,70.46,Month-to-month,Fiber optic,0,1,Bank transfer,3,2607.02,1
464,Male,0,42,31.73,Month-to-month,No,0,0,Credit card,0,1332.66,0
465,Female,0,17,36.91,Month-to-month,No,0,0,Debit Card,5,627.47,1
466,Male,0,48,55.18,Month-to-month,DSL,1,1,Credit card,6,2648.64,0
467,Female,0,28,96.17,One year,Fiber optic,1,1,UPI,5,2692.76,0
468,Male,0,41,70.71,Month-to-month,DSL,0,0,Debit Card,2,2899.11,1
469,Male,0,47,83.79,Two year,Fiber optic,1,1,UPI,3,3938.13,0
470,Female,0,18,118.52,Month-to-month,Fiber optic,0,0,Credit card,0,2133.36,0
471,Male,1,71,96.8,Month-to-month,DSL,1,0,Credit card,3,6872.8,1
472,Female,0,13,63.44,One year,No,0,1,Bank transfer,1,824.72,1
473,Male,0,13,64.64,One year,DSL,0,0,Debit Card,2,840.32,0
474,Female,1,31,81.88,Month-to-month,Fiber optic,1,0,UPI,5,2538.28,1
475,Male,0,2,86.54,One year,Fiber optic,1,0,Bank transfer,5,173.08,0
476,Female,0,16,70.07,Month-to-month,Fiber optic,1,0,Credit card,1,1121.12,1
477,Male,0,9,84.49,Month-to-month,DSL,0,1,Credit card,5,760.41,1
478,Female,0,38,22.35,Two year,Fiber optic,1,1,Bank transfer,4,849.3,1
479,Male,1,54,62.96,Month-to-month,Fiber optic,1,1,UPI,2,3399.84,0
480,Female,0,56,47.89,Month-to-month,DSL,0,1,Credit card,1,2681.84,0
481,Female,1,45,32.92,One year,Fiber optic,0,0,Credit card,2,1481.4,1
482,Female,0,34,29.95,Two year,DSL,0,0,Debit Card,0,1018.3,1
483,Male,0,9,80.32,Month-to-month,Fiber optic,1,0,Bank transfer,2,722.88,1
484,Female,0,8,72.36,Month-to-month,Fiber optic,0,0,Credit card,2,578.88,1
485,Male,0,7,45.36,Month-to-month,Fiber optic,0,0,UPI,0,317.52,1
486,Female,0,36,67.1,Two year,Fiber optic,0,1,Debit Card,1,2415.6,1
487,Male,1,18,69.22,Two year,Fiber optic,0,1,Bank transfer,2,1245.96,0
488,Female,0,3,39.5,Month-to-month,Fiber optic,0,0,UPI,3,118.5,1
489,Male,1,28,85.21,Month-to-month,DSL,0,1,Credit card,2,2385.88,1
490,Male,0,70,98.09,Month-to-month,DSL,1,0,Bank transfer,1,6866.3,1
491,Female,1,44,99.15,One year,Fiber optic,0,1,Bank transfer,7,4362.6,0
492,Male,0,21,80.25,One year,Fiber optic,1,1,UPI,5,1685.25,0
493,Male,0,28,71.16,One year,Fiber optic,0,0,Bank transfer,6,1992.48,1
494,Female,0,54,26.1,Two year,DSL,0,0,UPI,0,1409.4,0
495,Male,0,54,48.78,Month-to-month,DSL,0,1,Credit card,5,2634.12,1
496,Male,0,65,29.33,Month-to-month,DSL,0,1,Debit Card,1,1906.45,1
497,Male,0,21,116.38,Month-to-month,No,0,1,UPI,4,2443.98,1
498,Female,0,13,33.51,Month-to-month,Fiber optic,1,1,Debit Card,6,435.63,1
499,Male,1,57,35.18,Month-to-month,DSL,0,1,Bank transfer,5,2005.26,1
500,Female,0,49,108.96,Month-to-month,DSL,0,0,UPI,2,5339.04,0
501,Male,0,54,114.39,One year,No,0,0,Credit card,6,6177.06,0
502,Male,0,10,96.58,Two year,DSL,0,0,UPI,2,965.8,1
503,Male,0,53,20.54,Month-to-month,Fiber optic,1,0,UPI,0,1088.62,1
504,Female,0,44,20.13,Month-to-month,DSL,0,0,UPI,2,885.72,0
505,Male,0,47,57.81,Month-to-month,No,0,1,Debit Card,6,2717.07,1
506,Male,0,53,34.34,One year,Fiber optic,0,0,Debit Card,3,1820.02,0
507,Female,0,46,21.84,One year,Fiber optic,0,0,Bank transfer,3,1004.64,1
508,Male,0,13,66.41,Month-to-month,DSL,0,1,Bank transfer,7,863.33,1
509,Female,0,37,114.31,Month-to-month,DSL,0,0,Bank transfer,5,4229.47,1
510,Female,0,24,52.38,Month-to-month,Fiber optic,0,0,Bank transfer,1,1257.12,0
511,Male,0,2,86.11,Month-to-month,Fiber optic,0,1,UPI,7,172.22,1
512,Female,0,14,85.22,Month-to-month,DSL,0,1,Debit Card,0,1193.08,1
513,Male,0,10,45.11,One year,DSL,1,0,Debit Card,4,451.1,0
514,Female,0,35,85.04,Two year,Fiber optic,0,0,Debit Card,7,2976.4,1
515,Female,0,25,41.23,Month-to-month,Fiber optic,1,1,Debit Card,5,1030.75,1
516,Male,0,3,32.2,One year,DSL,1,0,Bank transfer,1,96.6,0
517,Female,0,17,90.14,Two year,DSL,0,0,UPI,0,1532.38,0
518,Female,0,12,31.34,Month-to-month,No,0,1,Debit Card,6,376.08,1
519,Female,0,54,119.69,Month-to-month,Fiber optic,0,0,Credit card,0,6463.26,1
520,Female,0,24,38.35,Two year,Fiber optic,1,0,UPI,6,920.4,0
521,Female,0,29,79.41,Month-to-month,Fiber optic,0,0,Credit card,5,2302.89,0
522,Male,1,43,61.14,Two year,DSL,0,1,UPI,1,2629.02,0
523,Female,0,25,32.64,Two year,DSL,0,1,UPI,7,816.0,1
524,Male,0,60,22.78,One year,DSL,1,0,UPI,1,1366.8,0
525,Female,0,65,82.27,One year,Fiber optic,0,0,Credit card,2,5347.55,1
526,Male,0,28,100.68,One year,Fiber optic,0,0,Debit Card,4,2819.04,0
527,Male,0,16,104.2,One year,DSL,0,0,Debit Card,3,1667.2,1
528,Female,1,47,68.27,Month-to-month,No,0,0,Credit card,2,3208.69,1
529,Female,0,58,97.75,Month-to-month,DSL,0,1,Debit Card,0,5669.5,1
530,Female,0,27,87.28,Month-to-month,No,1,0,Bank transfer,4,2356.56,0
531,Male,0,53,92.43,One year,No,1,0,Debit Card,4,4898.79,0
532,Female,0,42,69.26,Month-to-month,DSL,1,0,Bank transfer,1,2908.92,1
533,Male,0,59,83.34,Month-to-month,DSL,0,0,Bank transfer,4,4917.06,1
534,Male,0,47,100.55,Month-to-month,Fiber optic,0,0,Bank transfer,5,4725.85,1
535,Male,0,34,59.79,One year,Fiber optic,0,0,Credit card,4,2032.86,1
536,Female,0,37,100.6,Two year,Fiber optic,0,1,Debit Card,0,3722.2,0
537,Female,0,6,79.2,Two year,No,0,1,Debit Card,5,475.2,0
538,Male,0,7,36.59,Month-to-month,Fiber optic,0,0,Credit card,5,256.13,1
539,Male,0,25,22.47,Two year,DSL,0,0,Credit card,2,561.75,1
540,Female,0,33,56.28,One year,DSL,0,0,Debit Card,4,1857.24,1
541,Male,0,55,74.67,Month-to-month,Fiber optic,0,0,Credit card,1,4106.85,1
542,Female,0,58,103.98,Month-to-month,DSL,1,1,Credit card,6,6030.84,1
543,Male,0,7,32.75,Month-to-month,Fiber optic,0,0,Bank transfer,2,229.25,1
544,Female,0,57,100.02,Two year,DSL,1,1,Credit card,1,5701.14,0
545,Male,0,12,106.3,Month-to-month,DSL,1,1,Bank transfer,4,1275.6,1
546,Female,0,16,35.07,Month-to-month,DSL,0,1,UPI,2,561.12,0
547,Male,0,43,105.16,One year,Fiber optic,0,1,Bank transfer,4,4521.88,0
548,Female,0,7,119.15,Month-to-month,DSL,0,0,Bank transfer,0,834.05,0
549,Female,0,51,92.68,Month-to-month,Fiber optic,1,1,Credit card,2,4726.68,1
550,Male,0,32,98.48,One year,Fiber optic,0,1,Debit Card,1,3151.36,0
551,Male,0,8,119.44,Month-to-month,Fiber optic,1,1,UPI,0,955.52,0
552,Female,1,45,80.55,One year,Fiber optic,0,0,UPI,3,3624.75,0
553,Male,0,59,50.79,Month-to-month,DSL,1,1,UPI,1,2996.61,1
554,Female,0,4,103.75,One year,Fiber optic,1,0,Debit Card,6,415.0,1
555,Male,0,67,81.45,One year,DSL,0,1,UPI,7,5457.15,0
556,Female,1,29,78.12,Month-to-month,Fiber optic,0,0,UPI,4,2265.48,1
557,Female,0,29,45.36,Month-to-month,DSL,0,1,Debit Card,1,1315.44,0
558,Female,0,28,95.63,One year,Fiber optic,0,0,UPI,3,2677.64,0
559,Female,0,44,28.17,One year,No,0,0,Credit card,1,1239.48,0
560,Female,0,4,112.43,One year,Fiber optic,1,0,Credit card,0,449.72,0
561,Female,0,9,52.58,Two year,Fiber optic,0,0,Bank transfer,5,473.22,1
562,Male,1,5,32.78,Month-to-month,Fiber optic,1,0,Bank transfer,7,163.9,1
563,Male,0,56,64.24,Month-to-month,DSL,1,0,Bank transfer,1,3597.44,0
564,Male,0,50,24.25,Two year,No,0,1,Credit card,2,1212.5,0
565,Female,0,15,88.46,Month-to-month,DSL,1,1,Credit card,6,1326.9,1
566,Female,0,32,110.27,Month-to-month,No,0,1,Credit card,3,3528.64,0
567,Female,0,28,103.73,Month-to-month,Fiber optic,1,0,Bank transfer,1,2904.44,1
568,Female,0,22,32.74,Month-to-month,Fiber optic,0,0,Bank transfer,3,720.28,1
569,Male,0,17,32.63,Month-to-month,Fiber optic,0,0,Bank transfer,5,554.71,1
570,Male,0,59,101.34,Two year,Fiber optic,0,1,Bank transfer,0,5979.06,1
571,Female,0,71,112.43,Month-to-month,Fiber optic,0,1,Bank transfer,2,7982.53,0
572,Male,0,57,66.07,Month-to-month,DSL,0,0,Bank transfer,4,3765.99,1
573,Male,1,26,69.9,Two year,Fiber optic,0,0,Credit card,1,1817.4,0
574,Female,0,25,51.83,Two year,Fiber optic,0,1,Debit Card,0,1295.75,0
575,Male,1,10,109.43,Month-to-month,Fiber optic,1,1,Debit Card,7,1094.3,1
576,Female,0,45,84.49,Month-to-month,Fiber optic,0,1,Bank transfer,3,3802.05,1
577,Male,0,11,48.83,One year,DSL,0,1,Debit Card,5,537.13,0
578,Female,0,53,49.88,One year,DSL,0,0,Debit Card,6,2643.64,0
579,Female,0,68,109.12,One year,Fiber optic,1,0,Credit card,3,7420.16,0
580,Female,0,28,21.36,Two year,DSL,1,0,Bank transfer,6,598.08,1
581,Female,0,65,52.27,One year,DSL,0,0,Bank transfer,5,3397.55,1
582,Male,0,49,75.44,Month-to-month,Fiber optic,0,0,Debit Card,6,3696.56,1
583,Female,0,47,34.82,One year,Fiber optic,0,0,Bank transfer,5,1636.54,1
584,Female,1,52,29.21,Month-to-month,Fiber optic,0,0,Bank transfer,0,1518.92,1
585,Female,1,54,101.53,One year,DSL,1,0,Bank transfer,1,5482.62,0
586,Male,0,60,109.44,One year,Fiber optic,0,0,Bank transfer,4,6566.4,1
587,Female,0,57,102.36,Month-to-month,DSL,1,0,Debit Card,1,5834.52,0
588,Male,0,47,109.88,Month-to-month,Fiber optic,0,0,UPI,7,5164.36,1
589,Female,0,31,75.31,Month-to-month,DSL,1,1,Debit Card,7,2334.61,1
590,Male,0,46,101.23,Month-to-month,Fiber optic,0,1,Credit card,2,4656.58,0
591,Male,0,26,58.4,One year,Fiber optic,1,0,UPI,1,1518.4,1
592,Female,0,5,86.63,Month-to-month,Fiber optic,1,0,UPI,5,433.15,1
593,Male,1,52,118.88,One year,Fiber optic,1,0,UPI,5,6181.76,0
594,Female,0,54,42.57,Month-to-month,Fiber optic,0,1,Debit Card,2,2298.78,1
595,Female,0,33,58.99,One year,DSL,0,0,Credit card,3,1946.67,0
596,Female,0,50,68.0,One year,Fiber optic,0,0,Debit Card,5,3400.0,1
597,Male,0,38,33.8,One year,DSL,0,1,Credit card,2,1284.4,0
598,Male,0,27,28.1,Month-to-month,No,0,0,Debit Card,5,758.7,1
599,Female,1,15,102.97,Two year,Fiber optic,0,0,Debit Card,4,1544.55,0
600,Female,0,61,117.68,Month-to-month,DSL,0,0,Debit Card,5,7178.48,0
601,Male,1,21,60.47,Month-to-month,Fiber optic,0,0,UPI,0,1269.87,0
602,Female,0,46,28.76,Month-to-month,DSL,0,0,Debit Card,2,1322.96,0
603,Female,0,69,26.58,Month-to-month,DSL,0,1,Credit card,6,1834.02,1
604,Female,0,6,109.13,Two year,No,0,0,Credit card,7,654.78,1
605,Male,0,38,66.38,Month-to-month,Fiber optic,0,1,Credit card,1,2522.44,0
606,Male,1,62,52.0,One year,Fiber optic,0,0,UPI,2,3224.0,0
607,Male,1,62,67.65,One year,DSL,0,0,Debit Card,3,4194.3,0
608,Female,0,46,51.83,Month-to-month,DSL,1,0,Debit Card,5,2384.18,1
609,Female,0,13,68.9,One year,No,1,0,Bank transfer,2,895.7,0
610,Female,0,3,105.96,Month-to-month,DSL,1,0,UPI,4,317.88,1
611,Male,1,6,79.23,Month-to-month,DSL,1,0,Credit card,2,475.38,0
612,Female,0,8,89.47,Month-to-month,Fiber optic,0,1,Credit card,4,715.76,1
613,Female,0,44,56.47,Two year,Fiber optic,0,0,Debit Card,7,2484.68,1
614,Female,0,33,93.85,Two year,Fiber optic,0,0,Credit card,7,3097.05,1
615,Female,0,50,86.66,Month-to-month,DSL,0,0,Debit Card,5,4333.0,1
616,Male,0,11,31.96,Month-to-month,DSL,0,0,Debit Card,1,351.56,1
617,Male,0,28,77.26,One year,DSL,0,0,Bank transfer,5,2163.28,0
618,Female,1,70,45.67,Month-to-month,No,0,0,UPI,3,3196.9,1
619,Male,0,41,100.41,Two year,DSL,0,0,Debit Card,0,4116.81,1
620,Male,0,16,62.59,Month-to-month,Fiber optic,1,0,Debit Card,1,1001.44,1
621,Female,1,68,119.47,Month-to-month,Fiber optic,0,1,Debit Card,1,8123.96,1
622,Female,0,48,29.25,One year,Fiber optic,0,0,Bank transfer,7,1404.0,0
623,Male,1,56,98.03,Month-to-month,Fiber optic,0,0,Debit Card,0,5489.68,1
624,Female,0,64,87.37,Two year,DSL,0,1,UPI,2,5591.68,0
625,Male,0,59,96.75,Two year,DSL,0,1,UPI,5,5708.25,0
626,Female,1,62,50.75,Month-to-month,Fiber optic,1,1,Credit card,2,3146.5,1
627,Male,0,11,69.21,Month-to-month,DSL,0,0,UPI,2,761.31,1
628,Female,0,18,99.65,Two year,Fiber optic,0,1,Credit card,5,1793.7,1
629,Male,0,19,43.25,Two year,Fiber optic,0,0,UPI,3,821.75,0
630,Male,0,55,42.6,Month-to-month,Fiber optic,0,0,Credit card,1,2343.0,1
631,Male,0,26,75.11,One year,DSL,1,1,Debit Card,4,1952.86,0
632,Female,0,6,72.36,Month-to-month,No,0,0,Bank transfer,0,434.16,1
633,Male,1,4,48.23,Month-to-month,DSL,1,1,Bank transfer,1,192.92,1
634,Male,0,29,49.81,Two year,Fiber optic,1,1,Bank transfer,2,1444.49,0
635,Female,0,59,47.78,Month-to-month,Fiber optic,1,1,Debit Card,0,2819.02,1
636,Female,0,17,97.15,Two year,Fiber optic,0,1,Bank transfer,4,1651.55,0
637,Male,0,43,85.19,Month-to-month,Fiber optic,0,0,UPI,1,3663.17,0
638,Male,0,66,103.24,One year,No,0,0,Credit card,1,6813.84,1
639,Female,1,34,117.55,Month-to-month,No,0,1,Debit Card,3,3996.7,1
640,Female,0,8,67.42,Month-to-month,Fiber optic,1,1,Bank transfer,1,539.36,0
641,Female,0,13,26.67,One year,DSL,1,1,UPI,1,346.71,0
642,Female,0,8,24.81,Month-to-month,Fiber optic,1,1,UPI,4,198.48,1
643,Female,0,65,49.57,Month-to-month,Fiber optic,1,1,Debit Card,4,3222.05,1
644,Male,0,43,113.25,Month-to-month,DSL,0,1,Debit Card,0,4869.75,1
645,Female,0,39,72.32,Month-to-month,DSL,0,0,Bank transfer,2,2820.48,1
646,Male,0,59,47.18,One year,DSL,0,0,Credit card,4,2783.62,0
647,Male,0,44,59.92,Month-to-month,DSL,1,1,Bank transfer,0,2636.48,0
648,Male,0,9,79.86,Month-to-month,Fiber optic,1,0,Bank transfer,1,718.74,1
649,Female,0,37,85.29,Month-to-month,No,0,0,Debit Card,7,3155.73,1
650,Male,0,36,35.39,Month-to-month,Fiber optic,1,0,Bank transfer,0,1274.04,1
651,Male,0,28,117.7,Month-to-month,Fiber optic,1,1,Bank transfer,7,3295.6,0
652,Female,0,42,74.48,Month-to-month,No,1,1,Credit card,0,3128.16,1
653,Male,0,43,33.57,Month-to-month,DSL,1,1,UPI,0,1443.51,1
654,Male,0,42,109.36,One year,Fiber optic,0,0,UPI,7,4593.12,1
655,Female,0,66,27.46,One year,Fiber optic,0,1,Credit card,5,1812.36,0
656,Male,0,55,110.77,Month-to-month,Fiber optic,0,1,UPI,0,6092.35,1
657,Male,0,48,119.66,Month-to-month,DSL,0,0,Bank transfer,7,5743.68,1
658,Male,0,22,90.04,Month-to-month,Fiber optic,0,0,Credit card,4,1980.88,0
659,Female,0,27,97.04,Month-to-month,DSL,0,0,Credit card,6,2620.08,1
660,Female,1,67,53.73,Month-to-month,Fiber optic,1,0,Debit Card,6,3599.91,1
661,Female,0,13,114.16,Month-to-month,DSL,0,1,UPI,6,1484.08,0
662,Male,0,45,72.97,Month-to-month,Fiber optic,1,0,Debit Card,6,3283.65,1
663,Male,0,10,93.24,Month-to-month,DSL,0,1,Bank transfer,5,932.4,1
664,Female,0,9,112.41,Month-to-month,DSL,0,0,Credit card,2,1011.69,1
665,Male,0,54,117.52,Month-to-month,Fiber optic,0,0,Bank transfer,7,6346.08,1
666,Male,1,27,103.32,Month-to-month,DSL,0,0,UPI,0,2789.64,1
667,Female,0,34,50.3,Month-to-month,Fiber optic,0,0,Debit Card,3,1710.2,0
668,Female,0,1,116.65,Month-to-month,No,0,0,UPI,6,116.65,1
669,Male,0,32,82.81,Month-to-month,Fiber optic,0,0,Bank transfer,1,2649.92,1
670,Male,1,71,113.06,Month-to-month,DSL,0,0,Debit Card,6,8027.26,1
671,Male,0,67,87.61,Month-to-month,Fiber optic,0,0,UPI,6,5869.87,1
672,Female,0,20,50.72,Month-to-month,Fiber optic,1,1,Bank transfer,1,1014.4,1
673,Female,0,35,57.0,Month-to-month,Fiber optic,0,0,UPI,5,1995.0,1
674,Female,0,17,75.05,Month-to-month,DSL,0,0,Credit card,1,1275.85,1
675,Female,1,18,99.0,Month-to-month,Fiber optic,1,1,Debit Card,1,1782.0,0
676,Male,1,45,51.8,One year,Fiber optic,0,0,Debit Card,5,2331.0,1
677,Female,0,53,77.97,Month-to-month,DSL,1,1,Debit Card,1,4132.41,1
678,Female,1,68,54.56,Month-to-month,DSL,1,1,Credit card,0,3710.08,0
679,Female,0,65,101.58,Two year,Fiber optic,1,0,Debit Card,6,6602.7,1
680,Female,1,1,66.67,Month-to-month,Fiber optic,0,1,Credit card,2,66.67,0
681,Female,0,58,27.67,Month-to-month,No,1,1,Debit Card,5,1604.86,1
682,Male,0,26,36.61,Two year,Fiber optic,1,1,UPI,3,951.86,0
683,Male,0,20,26.11,One year,DSL,0,1,UPI,5,522.2,0
684,Female,0,10,69.93,Month-to-month,DSL,0,0,UPI,4,699.3,1
685,Male,0,59,30.63,Month-to-month,No,0,1,UPI,3,1807.17,1
686,Female,0,41,31.41,Month-to-month,No,1,0,Credit card,4,1287.81,0
687,Female,0,5,114.1,Month-to-month,No,0,0,Bank transfer,7,570.5,1
688,Male,0,65,107.27,Month-to-month,Fiber optic,1,0,Bank transfer,7,6972.55,1
689,Male,0,17,65.21,Month-to-month,DSL,0,0,UPI,5,1108.57,1
690,Female,0,22,118.58,Month-to-month,Fiber optic,1,0,Bank transfer,4,2608.76,1
691,Female,1,41,20.02,Two year,Fiber optic,0,1,Bank transfer,3,820.82,1
692,Female,0,68,81.4,Two year,DSL,0,1,Debit Card,0,5535.2,0
693,Male,0,69,81.64,Month-to-month,Fiber optic,0,0,Credit card,5,5633.16,1
694,Female,0,11,65.74,One year,DSL,0,1,UPI,5,723.14,0
695,Female,1,56,59.69,Month-to-month,DSL,0,1,Bank transfer,1,3342.64,1
696,Female,0,51,65.54,Two year,Fiber optic,0,0,Bank transfer,5,3342.54,1
697,Male,0,21,61.5,Month-to-month,Fiber optic,0,0,UPI,6,1291.5,0
698,Female,0,26,93.05,Month-to-month,Fiber optic,1,1,Debit Card,7,2419.3,1
699,Female,1,19,33.54,Month-to-month,DSL,1,1,UPI,6,637.26,0
700,Male,0,60,39.76,Month-to-month,DSL,0,1,Debit Card,5,2385.6,0
701,Female,0,71,38.05,Month-to-month,DSL,0,1,Bank transfer,7,2701.55,1
702,Female,0,47,46.25,One year,DSL,0,0,Credit card,7,2173.75,1
703,Male,1,71,72.53,One year,DSL,1,0,Debit Card,0,5149.63,0
704,Female,0,26,31.12,Month-to-month,Fiber optic,0,0,Debit Card,1,809.12,0
705,Male,0,40,106.82,Month-to-month,Fiber optic,0,0,UPI,2,4272.8,1
706,Male,1,5,49.74,Month-to-month,Fiber optic,0,1,Bank transfer,4,248.7,1
707,Female,0,21,36.25,Two year,No,1,1,Credit card,3,761.25,0
708,Female,0,4,87.56,Two year,Fiber optic,0,0,UPI,2,350.24,1
709,Female,0,23,23.81,Two year,DSL,1,1,UPI,1,547.63,0
710,Female,0,15,82.0,Two year,DSL,0,0,Credit card,6,1230.0,1
711,Male,0,8,89.82,Month-to-month,Fiber optic,0,1,Bank transfer,6,718.56,1
712,Female,0,41,41.49,Month-to-month,Fiber optic,0,1,Credit card,6,1701.09,0
713,Male,0,19,24.2,Month-to-month,Fiber optic,0,1,UPI,0,459.8,0
714,Female,0,46,56.36,Two year,Fiber optic,0,1,UPI,7,2592.56,0
715,Female,1,28,29.86,Month-to-month,No,0,0,Debit Card,6,836.08,1
716,Female,0,68,31.65,Month-to-month,No,0,1,Credit card,3,2152.2,0
717,Male,1,15,45.43,One year,Fiber optic,0,1,Credit card,4,681.45,0
718,Female,0,37,49.55,Month-to-month,DSL,0,0,Credit card,5,1833.35,1
719,Female,1,1,73.0,Month-to-month,No,1,1,UPI,5,73.0,0
720,Female,0,67,87.84,One year,Fiber optic,0,1,Bank transfer,2,5885.28,0
721,Female,0,24,79.28,Month-to-month,DSL,0,0,UPI,4,1902.72,1
722,Male,0,27,34.84,Month-to-month,Fiber optic,0,0,Debit Card,1,940.68,1
723,Female,1,40,37.21,One year,Fiber optic,0,1,UPI,4,1488.4,0
724,Male,0,63,107.88,One year,Fiber optic,0,1,UPI,0,6796.44,0
725,Male,0,61,75.84,Two year,Fiber optic,0,0,UPI,2,4626.24,1
726,Male,0,36,106.99,Month-to-month,DSL,0,0,Debit Card,2,3851.64,0
727,Male,0,24,57.15,Month-to-month,No,0,0,Credit card,0,1371.6,1
728,Male,0,24,81.44,One year,Fiber optic,1,1,Bank transfer,4,1954.56,0
729,Male,0,4,72.37,Month-to-month,Fiber optic,0,1,Bank transfer,6,289.48,1
730,Female,0,67,51.91,Month-to-month,DSL,0,0,Debit Card,0,3477.97,0
731,Male,0,34,66.99,One year,DSL,0,0,Credit card,6,2277.66,0
732,Male,0,57,70.25,Month-to-month,Fiber optic,0,0,Credit card,3,4004.25,1
733,Male,0,49,40.08,Month-to-month,DSL,1,1,Debit Card,0,1963.92,1
734,Female,0,53,51.5,Month-to-month,DSL,0,0,UPI,6,2729.5,1
735,Female,0,23,99.14,Month-to-month,Fiber optic,0,0,Credit card,4,2280.22,1
736,Male,0,69,111.58,Month-to-month,Fiber optic,0,0,Bank transfer,6,7699.02,1
737,Female,0,53,55.98,Month-to-month,Fiber optic,0,1,Debit Card,0,2966.94,1
738,Male,0,62,50.7,One year,DSL,0,0,Bank transfer,1,3143.4,1
739,Male,0,41,39.52,Two year,Fiber optic,0,0,UPI,5,1620.32,0
740,Female,0,57,87.85,Month-to-month,Fiber optic,0,1,Debit Card,0,5007.45,0
741,Male,0,60,52.31,Month-to-month,DSL,0,0,Bank transfer,5,3138.6,1
742,Female,0,54,118.77,Month-to-month,DSL,0,0,Bank transfer,0,6413.58,1
743,Female,0,70,52.57,Month-to-month,Fiber optic,0,1,UPI,4,3679.9,1
744,Male,0,57,59.41,One year,No,0,0,Debit Card,3,3386.37,0
745,Male,0,10,80.33,One year,Fiber optic,1,0,Credit card,3,803.3,1
746,Female,0,40,100.17,One year,DSL,0,0,Credit card,5,4006.8,1
747,Male,0,7,66.95,Month-to-month,DSL,0,1,Bank transfer,7,468.65,1
748,Male,0,38,62.27,Month-to-month,Fiber optic,0,0,UPI,7,2366.26,1
749,Male,0,61,119.56,Month-to-month,DSL,0,1,Bank transfer,4,7293.16,1
750,Female,1,3,21.05,Month-to-month,Fiber optic,0,0,UPI,6,63.15,1
751,Female,0,51,109.51,One year,Fiber optic,1,0,Credit card,4,5585.01,0
752,Male,0,47,34.91,Two year,DSL,1,1,Bank transfer,7,1640.77,0
753,Female,0,68,98.59,Month-to-month,Fiber optic,0,1,Bank transfer,4,6704.12,1
754,Female,0,38,81.79,One year,Fiber optic,0,0,UPI,1,3108.02,0
755,Female,0,36,54.18,Month-to-month,Fiber optic,0,1,Debit Card,2,1950.48,1
756,Female,0,41,107.39,Month-to-month,DSL,0,0,UPI,7,4402.99,1
757,Female,0,69,21.29,Month-to-month,DSL,1,0,Debit Card,7,1469.01,0
758,Male,0,13,42.67,Month-to-month,Fiber optic,0,0,Credit card,0,554.71,1
759,Male,0,58,76.69,Month-to-month,Fiber optic,0,1,Bank transfer,4,4448.02,1
760,Male,0,50,55.15,One year,DSL,0,0,Bank transfer,4,2757.5,0
761,Female,0,30,81.04,Two year,DSL,0,0,UPI,4,2431.2,1
762,Female,0,62,22.41,Month-to-month,DSL,1,0,UPI,3,1389.42,1
763,Male,1,25,31.65,Month-to-month,No,0,0,Credit card,4,791.25,0
764,Female,0,27,32.71,Two year,Fiber optic,0,1,Credit card,7,883.17,0
765,Male,0,51,38.93,One year,No,0,1,Debit Card,0,1985.43,0
766,Male,0,57,65.93,One year,DSL,1,1,Credit card,6,3758.01,0
767,Male,0,47,95.21,Month-to-month,No,1,0,Credit card,6,4474.87,1
768,Female,1,39,110.55,Two year,DSL,0,0,Credit card,4,4311.45,1
769,Female,0,16,103.54,Month-to-month,Fiber optic,0,1,Credit card,0,1656.64,1
770,Male,1,22,39.69,One year,Fiber optic,0,1,Debit Card,1,873.18,1
771,Male,0,54,64.12,Month-to-month,DSL,0,0,Credit card,6,3462.48,0
772,Male,1,21,39.94,One year,Fiber optic,0,1,Debit Card,7,838.74,0
773,Male,0,16,46.45,Month-to-month,DSL,0,1,UPI,2,743.2,0
774,Female,0,59,70.35,Month-to-month,DSL,0,1,Bank transfer,3,4150.65,0
775,Female,0,31,26.81,Month-to-month,Fiber optic,0,0,UPI,0,831.11,1
776,Male,0,42,41.82,Month-to-month,Fiber optic,1,0,Credit card,6,1756.44,1
777,Male,0,32,113.54,One year,Fiber optic,0,0,Bank transfer,6,3633.28,1
778,Female,0,59,66.61,Two year,Fiber optic,0,0,Credit card,5,3929.99,0
779,Female,0,34,64.54,Two year,Fiber optic,0,0,Credit card,1,2194.36,1
780,Male,0,9,21.46,Month-to-month,DSL,0,0,UPI,2,193.14,0
781,Male,0,11,44.74,One year,DSL,0,1,Credit card,2,492.14,0
782,Male,0,10,106.63,One year,No,1,0,UPI,2,1066.3,1
783,Female,0,17,36.46,Month-to-month,DSL,0,0,Credit card,7,619.82,1
784,Female,0,68,61.51,Month-to-month,Fiber optic,1,1,Debit Card,0,4182.68,0
785,Female,0,48,21.43,One year,DSL,0,1,Bank transfer,1,1028.64,1
786,Male,0,52,67.83,Two year,Fiber optic,0,1,UPI,4,3527.16,0
787,Male,0,25,22.1,One year,Fiber optic,0,0,UPI,5,552.5,1
788,Female,0,21,101.96,Month-to-month,DSL,0,1,Bank transfer,1,2141.16,1
789,Female,0,65,102.49,Month-to-month,DSL,0,0,UPI,1,6661.85,1
790,Male,0,63,98.77,Month-to-month,Fiber optic,1,0,Bank transfer,6,6222.51,1
791,Female,0,51,48.34,One year,DSL,1,1,Debit Card,1,2465.34,0
792,Female,0,36,103.72,One year,DSL,1,0,Credit card,0,3733.92,1
793,Male,0,66,74.3,Month-to-month,Fiber optic,1,0,Debit Card,5,4903.8,0
794,Female,0,15,57.38,Two year,DSL,1,0,Credit card,0,860.7,0
795,Male,1,39,82.53,Month-to-month,Fiber optic,0,0,Bank transfer,5,3218.67,1
796,Male,0,70,21.23,Two year,Fiber optic,0,0,Debit Card,5,1486.1,1
797,Male,0,1,34.3,Month-to-month,DSL,0,1,Credit card,6,34.3,1
798,Male,0,23,94.23,Month-to-month,Fiber optic,0,0,Bank transfer,0,2167.29,1
799,Male,0,39,44.42,Month-to-month,Fiber optic,1,1,Credit card,5,1732.38,1
800,Male,0,57,79.8,Month-to-month,DSL,0,0,UPI,1,4548.6,0
801,Male,1,34,58.51,Month-to-month,Fiber optic,0,0,UPI,0,1989.34,1
802,Female,0,41,105.48,Month-to-month,DSL,1,0,Bank transfer,5,4324.68,0
803,Male,0,13,115.24,Month-to-month,DSL,0,0,Credit card,7,1498.12,1
804,Male,1,70,108.36,One year,DSL,0,1,UPI,2,7585.2,0
805,Female,0,6,47.06,Month-to-month,DSL,1,0,Debit Card,0,282.36,1
806,Female,0,52,39.42,Month-to-month,DSL,1,0,Credit card,6,2049.84,0
807,Female,0,3,67.44,Month-to-month,Fiber optic,0,1,Credit card,7,202.32,1
808,Male,0,63,20.73,One year,Fiber optic,1,0,UPI,7,1305.99,1
809,Female,0,49,22.58,Month-to-month,Fiber optic,1,1,UPI,3,1106.42,0
810,Male,1,47,75.33,Two year,Fiber optic,1,1,Bank transfer,0,3540.51,0
811,Male,0,55,72.04,One year,Fiber optic,1,0,Credit card,7,3962.2,1
812,Male,0,64,119.46,Month-to-month,Fiber optic,0,0,Debit Card,0,7645.44,1
813,Male,0,65,40.18,Month-to-month,Fiber optic,0,0,UPI,0,2611.7,1
814,Female,0,67,45.81,Month-to-month,DSL,0,1,Credit card,5,3069.27,0
815,Female,0,15,31.35,Month-to-month,Fiber optic,0,0,UPI,0,470.25,0
816,Male,0,32,111.75,Two year,DSL,0,0,Bank transfer,3,3576.0,0
817,Male,0,68,97.78,Two year,DSL,0,0,Credit card,4,6649.04,0
818,Male,0,18,102.23,Month-to-month,Fiber optic,0,0,Credit card,0,1840.14,0
819,Female,0,43,110.28,Month-to-month,DSL,0,0,Bank transfer,2,4742.04,1
820,Male,0,35,72.49,One year,DSL,0,1,Debit Card,3,2537.15,0
821,Male,0,58,65.12,One year,Fiber optic,1,0,UPI,4,3776.96,0
822,Female,0,33,53.04,Month-to-month,Fiber optic,0,1,Bank transfer,5,1750.32,0
823,Female,0,14,78.92,Month-to-month,Fiber optic,0,1,Credit card,0,1104.88,0
824,Male,1,34,65.43,Month-to-month,Fiber optic,0,0,Bank transfer,4,2224.62,1
825,Female,0,61,65.16,One year,DSL,0,0,Credit card,2,3974.76,0
826,Female,0,4,113.69,Month-to-month,DSL,1,0,Bank transfer,3,454.76,1
827,Male,0,59,118.4,Month-to-month,Fiber optic,0,1,Debit Card,3,6985.6,0
828,Female,0,29,99.65,Two year,DSL,0,0,Credit card,5,2889.85,1
829,Male,0,6,95.68,One year,Fiber optic,0,1,Bank transfer,5,574.08,1
830,Female,0,49,88.06,Two year,DSL,0,1,Debit Card,5,4314.94,0
831,Male,0,40,36.61,Month-to-month,Fiber optic,0,0,Debit Card,4,1464.4,1
832,Male,0,65,25.91,Month-to-month,Fiber optic,0,1,UPI,0,1684.15,1
833,Male,0,69,89.07,Two year,Fiber optic,0,0,Credit card,1,6145.83,0
834,Female,0,27,92.88,Month-to-month,Fiber optic,1,1,UPI,7,2507.76,0
835,Male,1,6,24.7,Month-to-month,Fiber optic,0,0,Debit Card,3,148.2,1
836,Female,0,13,112.81,Month-to-month,DSL,0,0,UPI,1,1466.53,0
837,Male,0,64,29.11,Month-to-month,DSL,0,0,UPI,6,1863.04,1
838,Male,0,62,48.59,Month-to-month,DSL,0,1,Bank transfer,3,3012.58,0
839,Female,0,19,87.24,Two year,Fiber optic,0,0,UPI,7,1657.56,0
840,Male,0,43,36.99,Two year,DSL,0,1,Debit Card,5,1590.57,0
841,Male,0,20,25.54,Two year,Fiber optic,1,0,UPI,7,510.8,0
842,Female,1,68,53.11,Month-to-month,DSL,0,0,Credit card,0,3611.48,1
843,Male,0,44,96.6,Month-to-month,Fiber optic,1,0,Bank transfer,0,4250.4,1
844,Male,0,23,61.37,Month-to-month,Fiber optic,0,0,Debit Card,3,1411.51,0
845,Male,0,2,85.3,Two year,DSL,1,0,UPI,4,170.6,1
846,Male,0,22,77.96,Month-to-month,DSL,0,0,Credit card,6,1715.12,1
847,Female,0,57,22.22,One year,DSL,1,1,Debit Card,7,1266.54,0
848,Female,0,7,118.85,One year,Fiber optic,0,0,UPI,5,831.95,1
849,Male,0,56,24.14,Month-to-month,Fiber optic,1,0,Bank transfer,0,1351.84,1
850,Female,1,67,116.78,Month-to-month,DSL,1,0,UPI,6,7824.26,0
851,Male,0,16,74.99,Two year,Fiber optic,0,1,Debit Card,6,1199.84,1
852,Female,0,51,116.32,Two year,DSL,0,0,Debit Card,0,5932.32,0
853,Male,0,12,31.48,Month-to-month,Fiber optic,1,0,Debit Card,2,377.76,1
854,Male,0,53,69.04,Month-to-month,Fiber optic,0,0,Credit card,7,3659.12,1
855,Male,0,5,36.95,Two year,Fiber optic,0,1,UPI,6,184.75,1
856,Male,0,27,25.1,Month-to-month,DSL,1,1,UPI,0,677.7,1
857,Male,0,12,81.75,Month-to-month,Fiber optic,0,0,UPI,2,981.0,1
858,Male,0,17,40.78,Month-to-month,Fiber optic,0,0,Bank transfer,0,693.26,1
859,Female,0,6,78.77,Month-to-month,DSL,0,1,Credit card,0,472.62,1
860,Male,0,5,31.24,Month-to-month,DSL,1,1,Credit card,6,156.2,0
861,Female,1,57,53.2,Month-to-month,Fiber optic,0,1,Bank transfer,4,3032.4,1
862,Male,0,28,98.16,Month-to-month,Fiber optic,0,1,Credit card,4,2748.48,1
863,Female,0,69,63.71,Month-to-month,Fiber optic,0,1,Bank transfer,5,4395.99,1
864,Female,0,59,82.77,Two year,Fiber optic,1,1,Debit Card,7,4883.43,1
865,Female,0,33,84.75,One year,Fiber optic,0,0,Debit Card,0,2796.75,0
866,Male,0,62,104.38,One year,DSL,0,0,Credit card,7,6471.56,1
867,Male,1,50,52.49,One year,DSL,0,0,Debit Card,5,2624.5,0
868,Female,0,19,88.73,Month-to-month,No,1,1,Debit Card,5,1685.87,1
869,Male,0,69,116.16,Month-to-month,Fiber optic,1,1,Debit Card,5,8015.04,0
870,Female,0,66,93.02,Two year,Fiber optic,0,1,UPI,5,6139.32,1
871,Male,0,47,68.99,Month-to-month,Fiber optic,0,0,Debit Card,3,3242.53,1
872,Female,0,39,83.07,Month-to-month,No,1,0,UPI,6,3239.73,1
873,Female,0,68,93.97,One year,Fiber optic,0,0,Bank transfer,6,6389.96,0
874,Male,1,33,81.23,Month-to-month,Fiber optic,0,0,Bank transfer,3,2680.59,1
875,Female,0,13,21.67,Month-to-month,Fiber optic,1,1,Bank transfer,0,281.71,0
876,Male,0,54,39.48,Two year,DSL,1,1,Bank transfer,3,2131.92,0
877,Female,0,7,101.05,Two year,Fiber optic,0,0,Bank transfer,0,707.35,0
878,Female,0,14,47.27,Month-to-month,DSL,0,0,Debit Card,4,661.78,1
879,Male,0,19,93.16,Two year,Fiber optic,0,1,Debit Card,6,1770.04,1
880,Male,0,54,57.21,One year,Fiber optic,0,0,Debit Card,1,3089.34,1
881,Male,0,20,72.19,One year,Fiber optic,1,1,Bank transfer,2,1443.8,0
882,Female,0,29,26.8,Month-to-month,Fiber optic,1,0,Bank transfer,6,777.2,1
883,Male,0,24,38.12,Month-to-month,DSL,1,0,UPI,3,914.88,1
884,Female,0,63,115.72,One year,DSL,0,0,Credit card,3,7290.36,0
885,Female,1,57,109.01,Two year,No,0,0,Debit Card,4,6213.57,0
886,Male,0,8,85.23,One year,No,0,0,Credit card,3,681.84,1
887,Male,0,62,65.96,Month-to-month,DSL,0,0,Bank transfer,0,4089.52,1
888,Female,0,29,87.58,Month-to-month,No,1,0,Bank transfer,0,2539.82,0
889,Female,1,17,81.86,One year,Fiber optic,0,0,Bank transfer,1,1391.62,1
890,Male,1,66,76.86,Month-to-month,Fiber optic,0,0,Credit card,1,5072.76,1
891,Male,0,6,25.92,Month-to-month,DSL,0,0,UPI,6,155.52,1
892,Male,0,58,83.28,Month-to-month,No,1,0,Bank transfer,1,4830.24,1
893,Male,0,69,96.89,Month-to-month,Fiber optic,1,1,UPI,0,6685.41,1
894,Male,0,28,119.41,One year,Fiber optic,1,1,UPI,7,3343.48,1
895,Female,0,62,21.11,One year,Fiber optic,0,0,Debit Card,5,1308.82,1
896,Female,0,41,93.02,Month-to-month,Fiber optic,0,0,Credit card,5,3813.82,1
897,Female,0,69,77.18,Month-to-month,Fiber optic,0,0,Bank transfer,1,5325.42,1
898,Female,0,41,63.41,One year,DSL,0,0,UPI,1,2599.81,0
899,Male,0,49,32.76,Month-to-month,DSL,0,1,Credit card,0,1605.24,1
900,Male,0,49,60.91,Month-to-month,DSL,0,1,Credit card,4,2984.59,0
901,Male,0,71,55.44,Two year,DSL,0,1,Bank transfer,6,3936.24,1
902,Female,0,3,50.28,Month-to-month,Fiber optic,0,0,Debit Card,3,150.84,1
903,Female,0,10,93.09,Two year,Fiber optic,0,0,Debit Card,6,930.9,1
904,Male,0,35,90.07,Month-to-month,Fiber optic,0,1,UPI,2,3152.45,1
905,Male,0,2,78.9,Month-to-month,DSL,0,0,Debit Card,5,157.8,1
906,Female,1,24,113.87,Month-to-month,Fiber optic,0,0,Debit Card,7,2732.88,1
907,Female,0,38,54.99,Two year,DSL,0,1,Debit Card,5,2089.62,1
908,Male,0,22,44.38,Month-to-month,DSL,0,1,Credit card,0,976.36,0
909,Male,0,26,85.59,Month-to-month,DSL,1,1,Bank transfer,6,2225.34,1
910,Female,0,43,39.88,Two year,Fiber optic,1,0,Credit card,7,1714.84,0
911,Male,0,55,51.5,Month-to-month,DSL,0,0,Credit card,0,2832.5,0
912,Male,0,39,42.46,Month-to-month,Fiber optic,0,0,Bank transfer,2,1655.94,1
913,Male,1,29,26.92,Month-to-month,DSL,0,1,Credit card,7,780.68,1
914,Female,0,20,102.75,One year,Fiber optic,1,0,UPI,6,2055.0,1
915,Female,1,41,45.45,Month-to-month,Fiber optic,1,1,UPI,7,1863.45,1
916,Female,1,54,67.3,Month-to-month,No,0,1,Credit card,2,3634.2,1
917,Female,0,20,24.33,Month-to-month,Fiber optic,0,0,Debit Card,1,486.6,1
918,Female,1,19,89.93,Month-to-month,No,0,0,Credit card,6,1708.67,0
919,Female,0,66,53.06,Two year,Fiber optic,0,0,Debit Card,2,3501.96,1
920,Female,0,30,94.47,Two year,Fiber optic,0,1,Credit card,3,2834.1,0
921,Male,0,53,61.24,One year,DSL,0,1,UPI,3,3245.72,0
922,Male,1,34,39.58,One year,DSL,0,1,Debit Card,5,1345.72,0
923,Male,1,22,71.32,One year,DSL,0,0,UPI,3,1569.04,1
924,Male,0,67,33.05,Month-to-month,Fiber optic,1,0,Credit card,6,2214.35,1
925,Male,0,6,64.05,One year,Fiber optic,1,1,Bank transfer,3,384.3,0
926,Male,0,27,51.73,Month-to-month,Fiber optic,0,0,Debit Card,3,1396.71,0
927,Male,0,10,111.2,Month-to-month,No,0,1,Debit Card,7,1112.0,0
928,Female,0,48,26.09,One year,Fiber optic,0,1,Credit card,1,1252.32,0
929,Female,0,70,89.4,Month-to-month,Fiber optic,0,0,Credit card,5,6258.0,1
930,Male,0,59,38.28,Two year,No,0,0,Debit Card,0,2258.52,0
931,Male,0,59,51.9,Month-to-month,DSL,0,0,Bank transfer,5,3062.1,1
932,Female,1,2,61.55,One year,Fiber optic,1,0,Credit card,5,123.1,1
933,Male,0,29,110.8,Month-to-month,DSL,0,1,Credit card,5,3213.2,1
934,Male,0,68,44.26,One year,Fiber optic,0,1,Credit card,2,3009.68,0
935,Female,0,65,29.13,One year,DSL,0,1,Bank transfer,0,1893.45,0
936,Male,1,26,51.87,Month-to-month,Fiber optic,0,1,Debit Card,2,1348.62,0
937,Female,1,10,30.47,Month-to-month,Fiber optic,0,0,UPI,1,304.7,1
938,Male,0,53,32.86,Month-to-month,DSL,1,0,Credit card,1,1741.58,1
939,Female,0,59,77.39,Month-to-month,DSL,1,1,Bank transfer,4,4566.01,0
940,Female,0,22,26.09,One year,Fiber optic,0,0,Debit Card,4,573.98,1
941,Female,0,51,23.09,Two year,No,0,1,Debit Card,7,1177.59,1
942,Male,0,48,91.44,Month-to-month,Fiber optic,1,1,Bank transfer,1,4389.12,1
943,Female,0,21,56.16,One year,Fiber optic,0,0,Credit card,1,1179.36,0
944,Male,0,22,32.54,Two year,DSL,1,0,UPI,2,715.88,1
945,Male,0,30,45.36,Month-to-month,Fiber optic,0,0,Credit card,7,1360.8,0
946,Male,0,25,84.21,One year,Fiber optic,0,1,Debit Card,1,2105.25,0
947,Male,0,28,47.55,One year,Fiber optic,0,0,UPI,6,1331.4,0
948,Female,0,65,69.45,Month-to-month,DSL,0,1,Credit card,0,4514.25,1
949,Female,1,45,32.17,Month-to-month,Fiber optic,1,0,UPI,2,1447.65,0
950,Male,0,68,78.81,Month-to-month,Fiber optic,0,1,Bank transfer,1,5359.08,0
951,Male,1,7,51.61,Two year,No,0,0,Credit card,2,361.27,0
952,Female,0,49,82.7,Two year,No,0,0,Debit Card,2,4052.3,0
953,Male,0,9,100.84,One year,Fiber optic,1,1,Debit Card,3,907.56,0
954,Female,0,36,81.16,Month-to-month,Fiber optic,0,1,UPI,7,2921.76,1
955,Male,0,1,49.57,Month-to-month,DSL,1,0,Bank transfer,4,49.57,0
956,Male,0,10,45.57,Month-to-month,Fiber optic,0,1,Credit card,7,455.7,1
957,Female,0,36,52.74,Month-to-month,Fiber optic,0,1,Bank transfer,2,1898.64,1
958,Male,0,46,36.46,One year,DSL,0,0,Bank transfer,7,1677.16,0
959,Female,0,32,38.12,Two year,DSL,0,0,UPI,5,1219.84,1
960,Male,0,32,99.07,Two year,Fiber optic,0,1,UPI,6,3170.24,1
961,Male,0,6,58.47,One year,DSL,0,0,Credit card,6,350.82,0
962,Male,0,48,63.6,Month-to-month,Fiber optic,0,0,Debit Card,2,3052.8,0
963,Female,0,38,79.4,Month-to-month,Fiber optic,0,1,Credit card,5,3017.2,1
964,Male,0,17,78.97,Month-to-month,DSL,0,0,Bank transfer,6,1342.49,0
965,Male,0,27,26.74,One year,DSL,0,0,UPI,3,721.98,0
966,Male,1,54,103.15,One year,Fiber optic,1,1,Bank transfer,1,5570.1,0
967,Male,0,50,37.73,Month-to-month,Fiber optic,0,0,UPI,2,1886.5,1
968,Female,0,35,92.31,Month-to-month,DSL,1,1,Debit Card,3,3230.85,1
969,Female,1,25,97.27,Month-to-month,Fiber optic,0,1,Bank transfer,7,2431.75,1
970,Male,0,28,91.49,Month-to-month,Fiber optic,0,0,UPI,0,2561.72,1
971,Female,0,15,77.9,Month-to-month,Fiber optic,0,0,Credit card,7,1168.5,0
972,Male,0,4,21.46,Month-to-month,Fiber optic,0,0,Credit card,3,85.84,1
973,Male,0,27,56.04,Month-to-month,No,0,0,Credit card,4,1513.08,0
974,Male,0,26,80.48,Two year,Fiber optic,0,1,Bank transfer,4,2092.48,0
975,Female,0,19,58.75,Month-to-month,DSL,0,1,UPI,1,1116.25,1
976,Female,0,17,106.35,Month-to-month,No,0,0,UPI,7,1807.95,0
977,Female,0,43,50.88,Month-to-month,Fiber optic,1,0,UPI,5,2187.84,0
978,Female,1,41,49.35,Month-to-month,DSL,1,0,Bank transfer,1,2023.35,1
979,Female,0,42,46.6,Month-to-month,Fiber optic,0,0,UPI,6,1957.2,1
980,Female,0,50,53.28,Month-to-month,Fiber optic,0,0,Debit Card,5,2664.0,1
981,Female,0,40,75.74,Month-to-month,Fiber optic,1,0,Bank transfer,5,3029.6,1
982,Female,0,39,90.7,Month-to-month,Fiber optic,1,1,Debit Card,5,3537.3,0
983,Female,0,23,86.26,One year,DSL,0,0,Debit Card,5,1983.98,1
984,Male,0,52,100.77,Month-to-month,Fiber optic,0,0,Credit card,4,5240.04,1
985,Female,0,47,108.59,One year,Fiber optic,1,1,Bank transfer,7,5103.73,0
986,Female,1,63,101.61,Month-to-month,DSL,1,0,UPI,6,6401.43,1
987,Female,0,69,21.89,Month-to-month,Fiber optic,0,0,Debit Card,4,1510.41,1
988,Female,0,43,93.59,Month-to-month,Fiber optic,0,0,Bank transfer,2,4024.37,1
989,Female,0,48,40.84,Month-to-month,DSL,1,0,UPI,6,1960.32,1
990,Female,0,34,33.29,Two year,Fiber optic,1,0,Credit card,4,1131.86,0
991,Female,0,40,83.85,One year,DSL,1,1,Bank transfer,1,3354.0,0
992,Female,0,61,51.97,Two year,DSL,1,0,Bank transfer,4,3170.17,0
993,Female,0,50,25.71,Two year,DSL,0,1,Bank transfer,6,1285.5,0
994,Female,0,67,33.76,One year,DSL,1,0,UPI,6,2261.92,0
995,Female,0,62,20.09,Month-to-month,Fiber optic,0,0,Debit Card,1,1245.58,1
996,Male,0,58,110.32,Month-to-month,DSL,1,0,Debit Card,0,6398.56,1
997,Male,0,33,22.46,Two year,Fiber optic,0,0,Bank transfer,7,741.18,0
998,Female,0,16,40.95,One year,DSL,1,0,Bank transfer,6,655.2,1
999,Female,0,48,61.63,Month-to-month,No,0,0,UPI,4,2958.24,1
1000,Male,0,10,55.66,One year,Fiber optic,0,0,Credit card,1,556.6,1
1001,Female,0,38,111.17,Month-to-month,Fiber optic,0,0,Bank transfer,5,4224.46,1
1002,Male,0,19,24.03,Month-to-month,DSL,0,0,Bank transfer,7,456.57,1
1003,Male,0,36,71.22,Month-to-month,Fiber optic,1,0,Credit card,6,2563.92,1
1004,Male,0,59,88.05,One year,DSL,1,0,Bank transfer,7,5194.95,0
1005,Male,1,63,113.17,Two year,No,0,1,Debit Card,7,7129.71,1
1006,Male,0,46,82.04,Month-to-month,Fiber optic,0,1,Bank transfer,3,3773.84,0
1007,Female,1,3,100.38,Month-to-month,Fiber optic,1,0,Debit Card,7,301.14,1
1008,Male,0,65,28.37,Month-to-month,Fiber optic,1,0,UPI,5,1844.05,1
1009,Female,0,8,58.59,One year,DSL,1,0,UPI,2,468.72,0
1010,Female,0,51,57.39,Month-to-month,Fiber optic,1,1,Debit Card,7,2926.89,1
1011,Male,0,6,108.63,Month-to-month,Fiber optic,1,0,Debit Card,6,651.78,1
1012,Male,0,39,35.14,Month-to-month,Fiber optic,0,1,Credit card,1,1370.46,0
1013,Female,0,60,35.19,Month-to-month,Fiber optic,1,0,Debit Card,5,2111.4,1
1014,Male,0,28,52.86,Month-to-month,DSL,0,0,Debit Card,4,1480.08,1
1015,Male,0,54,25.45,One year,DSL,1,0,Bank transfer,4,1374.3,0
1016,Female,0,37,38.25,Month-to-month,Fiber optic,1,0,Credit card,6,1415.25,1
1017,Female,0,9,116.52,One year,Fiber optic,0,1,Debit Card,0,1048.68,1
1018,Male,0,56,62.82,Month-to-month,Fiber optic,0,0,Debit Card,3,3517.92,0
1019,Female,0,59,83.2,Month-to-month,No,0,0,Debit Card,6,4908.8,0
1020,Male,0,2,92.61,Month-to-month,DSL,0,0,Bank transfer,1,185.22,0
1021,Male,0,61,56.7,One year,Fiber optic,0,1,Bank transfer,5,3458.7,1
1022,Male,0,58,34.72,Two year,No,1,0,Bank transfer,3,2013.76,1
1023,Female,1,60,40.66,Two year,Fiber optic,0,0,UPI,0,2439.6,1
1024,Female,1,40,51.33,Month-to-month,Fiber optic,0,0,Bank transfer,6,2053.2,1
1025,Female,0,36,83.61,Month-to-month,DSL,1,0,Debit Card,2,3009.96,0
1026,Female,0,37,59.83,One year,DSL,1,1,Bank transfer,3,2213.71,0
1027,Female,0,18,20.68,One year,Fiber optic,0,0,Bank transfer,0,372.24,1
1028,Male,0,63,72.34,Month-to-month,DSL,1,0,Credit card,6,4557.42,1
1029,Male,0,22,112.15,One year,DSL,0,0,Debit Card,7,2467.3,0
1030,Male,0,11,101.21,Month-to-month,Fiber optic,0,1,Bank transfer,6,1113.31,1
1031,Male,0,58,102.52,Month-to-month,DSL,0,0,UPI,1,5946.16,0
1032,Female,1,57,99.51,Month-to-month,No,0,0,Credit card,6,5672.07,1
1033,Male,0,4,52.37,Month-to-month,Fiber optic,0,1,Bank transfer,2,209.48,1
1034,Female,0,7,96.52,Month-to-month,Fiber optic,1,0,Credit card,6,675.64,1
1035,Male,0,61,34.32,Month-to-month,Fiber optic,1,1,Credit card,4,2093.52,1
1036,Female,1,54,85.77,Month-to-month,Fiber optic,0,0,UPI,0,4631.58,1
1037,Female,0,68,84.16,Month-to-month,Fiber optic,0,0,UPI,7,5722.88,1
1038,Male,0,1,22.56,Month-to-month,Fiber optic,0,1,UPI,4,22.56,1
1039,Male,0,55,98.8,One year,DSL,1,1,Debit Card,6,5434.0,1
1040,Male,0,3,110.32,Month-to-month,Fiber optic,1,0,Credit card,2,330.96,1
1041,Male,0,38,46.74,Month-to-month,Fiber optic,0,1,Bank transfer,0,1776.12,0
1042,Female,0,1,101.24,Month-to-month,Fiber optic,0,0,UPI,0,101.24,0
1043,Male,0,38,28.24,Two year,DSL,0,1,UPI,6,1073.12,0
1044,Male,0,29,80.0,Month-to-month,Fiber optic,0,0,Credit card,2,2320.0,0
1045,Female,0,5,68.56,Month-to-month,DSL,0,0,Credit card,1,342.8,0
1046,Male,0,21,74.59,Month-to-month,No,0,1,Credit card,7,1566.39,1
1047,Male,0,71,112.62,One year,No,0,1,Bank transfer,0,7996.02,0
1048,Male,0,67,107.13,Month-to-month,DSL,0,0,Debit Card,7,7177.71,1
1049,Male,0,47,98.51,Month-to-month,Fiber optic,0,0,Debit Card,2,4629.97,1
1050,Male,0,35,47.37,Month-to-month,DSL,0,0,UPI,3,1657.95,0
1051,Female,1,68,111.18,Month-to-month,Fiber optic,1,0,Debit Card,4,7560.24,1
1052,Male,0,69,29.75,One year,DSL,1,0,Bank transfer,0,2052.75,0
1053,Male,0,1,105.33,Two year,Fiber optic,1,0,Debit Card,3,105.33,0
1054,Male,0,68,52.82,One year,DSL,1,0,Bank transfer,0,3591.76,0
1055,Male,0,12,25.38,One year,DSL,0,1,UPI,1,304.56,0
1056,Male,0,60,86.94,Month-to-month,Fiber optic,0,0,Credit card,6,5216.4,1
1057,Female,0,27,43.13,Month-to-month,DSL,1,0,Bank transfer,2,1164.51,0
1058,Male,0,56,44.36,One year,Fiber optic,0,0,Credit card,0,2484.16,1
1059,Female,0,23,50.6,Month-to-month,DSL,0,1,UPI,2,1163.8,0
1060,Female,0,25,26.37,Two year,Fiber optic,0,0,Bank transfer,5,659.25,1
1061,Male,0,21,37.71,Month-to-month,Fiber optic,0,0,Bank transfer,0,791.91,0
1062,Male,0,61,20.51,Month-to-month,Fiber optic,0,1,Debit Card,1,1251.11,0
1063,Male,0,63,64.54,One year,Fiber optic,0,1,Bank transfer,1,4066.02,0
1064,Male,0,52,28.43,One year,No,1,1,UPI,6,1478.36,0
1065,Female,0,25,88.27,One year,DSL,0,1,Credit card,6,2206.75,0
1066,Male,1,55,43.56,Month-to-month,DSL,1,1,Bank transfer,3,2395.8,1
1067,Male,0,46,114.36,One year,Fiber optic,0,1,UPI,1,5260.56,1
1068,Male,0,32,107.13,Month-to-month,Fiber optic,1,0,UPI,2,3428.16,0
1069,Male,0,55,48.94,Month-to-month,No,0,0,Bank transfer,5,2691.7,1
1070,Male,0,5,98.32,Two year,DSL,0,0,Debit Card,7,491.6,1
1071,Male,0,36,100.32,One year,DSL,0,0,Bank transfer,1,3611.52,0
1072,Female,0,49,118.66,Month-to-month,DSL,0,0,Bank transfer,0,5814.34,1
1073,Female,0,58,79.78,One year,Fiber optic,0,0,Debit Card,7,4627.24,1
1074,Male,0,39,28.2,Month-to-month,Fiber optic,0,1,UPI,7,1099.8,1
1075,Male,0,61,84.68,Month-to-month,DSL,0,0,Bank transfer,1,5165.48,1
1076,Male,0,9,82.5,Month-to-month,Fiber optic,0,0,Debit Card,5,742.5,1
1077,Female,0,6,83.84,Two year,Fiber optic,1,1,Credit card,2,503.04,0
1078,Male,1,35,50.71,Month-to-month,Fiber optic,1,0,Credit card,0,1774.85,0
1079,Female,0,39,105.97,One year,DSL,0,0,Debit Card,3,4132.83,1
1080,Male,0,22,115.95,Month-to-month,Fiber optic,0,0,UPI,3,2550.9,0
1081,Male,1,41,41.77,One year,Fiber optic,1,1,Debit Card,3,1712.57,0
1082,Male,0,5,28.82,Month-to-month,Fiber optic,0,0,UPI,6,144.1,1
1083,Male,0,42,39.45,One year,Fiber optic,0,1,Credit card,0,1656.9,0
1084,Female,0,67,102.06,Month-to-month,DSL,0,0,Bank transfer,7,6838.02,1
1085,Female,0,30,87.66,One year,DSL,0,0,Debit Card,3,2629.8,0
1086,Male,0,57,83.6,Two year,Fiber optic,0,0,Credit card,6,4765.2,1
1087,Male,0,29,60.18,One year,DSL,0,1,Bank transfer,1,1745.22,0
1088,Female,0,37,77.78,Month-to-month,Fiber optic,0,1,Credit card,7,2877.86,0
1089,Female,1,13,50.79,Two year,Fiber optic,0,1,Debit Card,0,660.27,1
1090,Female,0,32,67.72,Month-to-month,Fiber optic,1,1,Debit Card,0,2167.04,1
1091,Female,0,46,99.31,One year,DSL,0,0,Bank transfer,0,4568.26,1
1092,Male,0,23,118.12,Two year,DSL,0,1,Debit Card,4,2716.76,1
1093,Female,0,45,113.25,Month-to-month,Fiber optic,0,0,Credit card,6,5096.25,1
1094,Male,0,17,113.39,Month-to-month,DSL,0,1,Bank transfer,7,1927.63,1
1095,Female,1,66,60.22,Month-to-month,Fiber optic,0,0,Bank transfer,2,3974.52,1
1096,Female,0,6,66.88,Month-to-month,Fiber optic,0,0,Credit card,4,401.28,1
1097,Female,0,18,90.56,One year,Fiber optic,0,0,UPI,4,1630.08,0
1098,Female,0,22,112.22,Month-to-month,Fiber optic,0,0,Bank transfer,4,2468.84,1
1099,Female,1,33,34.2,Month-to-month,DSL,0,0,UPI,2,1128.6,0
1100,Male,0,30,50.42,Month-to-month,DSL,0,1,Credit card,4,1512.6,0
1101,Male,0,32,33.92,Month-to-month,No,1,0,Credit card,3,1085.44,0
1102,Female,0,42,81.2,Month-to-month,No,0,0,Bank transfer,0,3410.4,0
1103,Female,1,10,50.63,Two year,Fiber optic,0,1,Debit Card,7,506.3,1
1104,Male,0,36,52.61,Month-to-month,No,0,0,Bank transfer,7,1893.96,1
1105,Female,1,34,27.09,Two year,Fiber optic,0,1,Debit Card,0,921.06,0
1106,Female,0,28,54.98,Month-to-month,DSL,1,0,UPI,6,1539.44,1
1107,Male,0,11,106.25,Month-to-month,DSL,0,1,Debit Card,1,1168.75,0
1108,Female,0,39,43.31,One year,No,0,0,Bank transfer,5,1689.09,1
1109,Female,0,47,89.52,Month-to-month,DSL,0,0,Debit Card,3,4207.44,0
1110,Male,0,19,82.96,Month-to-month,Fiber optic,0,0,Credit card,2,1576.24,1
1111,Male,0,15,106.35,Month-to-month,Fiber optic,0,0,UPI,5,1595.25,1
1112,Male,0,28,33.23,Month-to-month,Fiber optic,0,1,Credit card,0,930.44,1
1113,Female,0,24,117.76,Month-to-month,Fiber optic,0,0,Credit card,4,2826.24,1
1114,Male,0,9,78.26,Month-to-month,DSL,1,0,Credit card,7,704.34,1
1115,Male,1,47,119.55,Month-to-month,DSL,0,0,Credit card,6,5618.85,1
1116,Male,1,33,111.15,Month-to-month,Fiber optic,0,1,Debit Card,6,3667.95,1
1117,Male,0,62,42.15,Month-to-month,Fiber optic,1,0,Credit card,1,2613.3,1
1118,Male,0,19,25.62,Month-to-month,Fiber optic,1,1,Debit Card,1,486.78,0
1119,Male,0,67,45.56,Month-to-month,Fiber optic,0,0,Credit card,0,3052.52,1
1120,Female,0,40,72.76,Month-to-month,DSL,0,0,Bank transfer,3,2910.4,1
1121,Female,0,47,37.16,Two year,Fiber optic,1,0,Credit card,6,1746.52,0
1122,Male,0,65,36.75,Month-to-month,Fiber optic,0,1,Bank transfer,5,2388.75,1
1123,Male,0,29,66.26,One year,DSL,0,1,Debit Card,1,1921.54,0
1124,Male,0,50,23.33,Month-to-month,Fiber optic,1,0,UPI,7,1166.5,1
1125,Female,0,13,32.19,Two year,Fiber optic,0,0,Debit Card,7,418.47,0
1126,Female,0,1,61.59,Month-to-month,Fiber optic,0,1,UPI,0,61.59,1
1127,Female,0,34,26.31,Two year,DSL,0,0,UPI,3,894.54,0
1128,Female,0,48,59.68,One year,Fiber optic,0,0,Credit card,0,2864.64,0
1129,Female,0,48,67.4,Month-to-month,DSL,1,0,UPI,0,3235.2,1
1130,Female,0,49,65.13,Two year,DSL,0,0,Debit Card,3,3191.37,0
1131,Female,0,64,106.92,Month-to-month,Fiber optic,1,0,Credit card,3,6842.88,1
1132,Female,1,61,73.01,Month-to-month,Fiber optic,0,0,UPI,3,4453.61,1
1133,Female,0,29,66.8,One year,Fiber optic,0,0,Debit Card,7,1937.2,0
1134,Male,0,39,61.07,Two year,DSL,0,1,UPI,7,2381.73,1
1135,Male,0,26,101.76,Month-to-month,DSL,1,0,UPI,0,2645.76,0
1136,Male,0,17,109.51,Month-to-month,Fiber optic,1,1,Credit card,1,1861.67,0
1137,Male,0,71,105.32,One year,DSL,0,0,Credit card,2,7477.72,0
1138,Female,0,13,87.35,One year,DSL,0,1,Debit Card,2,1135.55,0
1139,Female,0,69,33.74,Two year,DSL,0,0,Credit card,0,2328.06,1
1140,Male,1,26,47.69,One year,Fiber optic,1,1,Credit card,0,1239.94,0
1141,Female,0,49,24.61,Month-to-month,DSL,0,0,Bank transfer,1,1205.89,1
1142,Male,0,67,113.08,Two year,Fiber optic,0,1,Bank transfer,3,7576.36,1
1143,Female,0,7,86.08,Month-to-month,DSL,0,0,Debit Card,0,602.56,1
1144,Male,0,58,94.64,Month-to-month,DSL,0,0,Credit card,6,5489.12,1
1145,Female,0,49,51.16,Month-to-month,Fiber optic,0,1,Debit Card,7,2506.84,1
1146,Female,0,53,104.57,Month-to-month,DSL,0,0,Bank transfer,4,5542.21,0
1147,Male,0,65,45.96,Month-to-month,Fiber optic,1,0,Bank transfer,3,2987.4,0
1148,Female,0,62,20.16,One year,DSL,0,1,Bank transfer,6,1249.92,1
1149,Male,0,17,57.64,Month-to-month,Fiber optic,0,0,Debit Card,7,979.88,1
1150,Male,0,43,77.08,Month-to-month,DSL,0,0,Credit card,0,3314.44,0
1151,Male,0,25,67.87,One year,DSL,0,1,UPI,4,1696.75,1
1152,Male,0,3,106.21,Month-to-month,Fiber optic,1,0,Credit card,6,318.63,1
1153,Female,0,29,30.54,Month-to-month,No,0,1,Debit Card,5,885.66,1
1154,Female,0,32,75.38,Month-to-month,DSL,0,0,Bank transfer,1,2412.16,1
1155,Female,0,26,71.3,Two year,Fiber optic,0,1,UPI,7,1853.8,1
1156,Male,0,16,48.14,Month-to-month,Fiber optic,0,0,Debit Card,4,770.24,1
1157,Female,1,25,102.22,Month-to-month,Fiber optic,0,1,Bank transfer,0,2555.5,0
1158,Male,0,54,95.28,Month-to-month,Fiber optic,0,0,Debit Card,2,5145.12,1
1159,Female,0,28,93.29,Month-to-month,DSL,0,0,UPI,6,2612.12,0
1160,Female,0,56,107.62,Month-to-month,No,1,1,Bank transfer,0,6026.72,0
1161,Female,0,65,92.28,Month-to-month,DSL,0,0,Credit card,2,5998.2,1
1162,Male,1,41,43.18,Month-to-month,DSL,0,1,Debit Card,1,1770.38,1
1163,Female,1,51,90.56,Two year,Fiber optic,1,1,UPI,1,4618.56,1
1164,Female,0,71,50.77,Month-to-month,Fiber optic,0,0,Credit card,3,3604.67,1
1165,Male,0,29,44.22,Month-to-month,Fiber optic,0,1,UPI,6,1282.38,1
1166,Female,0,19,27.3,Month-to-month,Fiber optic,0,0,Debit Card,3,518.7,1
1167,Male,1,66,94.4,Month-to-month,Fiber optic,0,0,UPI,2,6230.4,1
1168,Female,0,41,91.1,One year,DSL,0,0,Bank transfer,2,3735.1,0
1169,Male,0,45,43.45,Month-to-month,Fiber optic,0,1,UPI,1,1955.25,0
1170,Male,0,15,94.94,Month-to-month,DSL,1,0,Debit Card,4,1424.1,1
1171,Female,0,3,111.78,One year,Fiber optic,0,1,Bank transfer,2,335.34,0
1172,Male,0,11,30.8,Month-to-month,No,0,0,UPI,2,338.8,0
1173,Male,0,53,43.26,Month-to-month,DSL,0,1,UPI,6,2292.78,1
1174,Male,0,46,95.03,Month-to-month,Fiber optic,0,0,Bank transfer,4,4371.38,1
1175,Male,0,30,47.45,Month-to-month,DSL,0,1,Credit card,3,1423.5,1
1176,Male,0,57,82.47,Month-to-month,DSL,0,0,Credit card,3,4700.79,0
1177,Male,0,18,28.12,Month-to-month,No,0,0,Bank transfer,2,506.16,1
1178,Female,0,51,65.22,Month-to-month,DSL,1,0,UPI,6,3326.22,1
1179,Male,0,48,93.91,Two year,Fiber optic,0,1,Credit card,3,4507.68,0
1180,Male,0,66,88.65,Month-to-month,Fiber optic,1,0,Bank transfer,3,5850.9,0
1181,Female,0,8,101.51,Month-to-month,Fiber optic,1,1,Debit Card,5,812.08,1
1182,Female,0,22,107.75,Month-to-month,Fiber optic,0,0,UPI,6,2370.5,1
1183,Female,0,6,97.32,Month-to-month,Fiber optic,1,1,Debit Card,3,583.92,1
1184,Female,0,57,87.16,Month-to-month,Fiber optic,1,0,UPI,1,4968.12,0
1185,Female,0,36,23.17,Two year,No,0,0,Credit card,0,834.12,1
1186,Female,0,57,73.5,One year,Fiber optic,1,0,Debit Card,2,4189.5,1
1187,Female,0,49,23.77,Two year,Fiber optic,0,0,Debit Card,7,1164.73,1
1188,Male,0,45,100.81,Two year,DSL,0,0,Bank transfer,2,4536.45,0
1189,Male,0,66,52.07,Month-to-month,DSL,1,1,Credit card,1,3436.62,0
1190,Female,0,45,76.24,Month-to-month,Fiber optic,0,1,Credit card,7,3430.8,0
1191,Male,0,20,47.94,Month-to-month,No,0,1,UPI,0,958.8,1
1192,Male,0,64,98.25,Month-to-month,Fiber optic,0,0,Bank transfer,0,6288.0,1
1193,Male,0,67,108.65,Two year,No,1,0,Bank transfer,1,7279.55,0
1194,Female,0,3,59.86,Month-to-month,Fiber optic,1,1,UPI,4,179.58,0
1195,Female,0,54,106.29,Two year,Fiber optic,0,0,Debit Card,4,5739.66,1
1196,Male,0,64,46.71,Month-to-month,Fiber optic,1,1,UPI,0,2989.44,1
1197,Female,0,40,73.47,Two year,Fiber optic,0,0,UPI,4,2938.8,0
1198,Male,0,59,105.88,Two year,DSL,0,1,UPI,4,6246.92,1
1199,Male,0,55,52.59,One year,Fiber optic,0,0,Bank transfer,4,2892.45,1
1200,Male,0,62,115.4,One year,Fiber optic,1,1,UPI,0,7154.8,0
1201,Male,0,4,32.19,Month-to-month,DSL,0,0,UPI,7,128.76,1
1202,Female,0,60,21.83,One year,No,0,1,UPI,4,1309.8,1
1203,Female,0,30,110.41,Two year,DSL,1,0,Credit card,7,3312.3,1
1204,Female,0,2,26.86,One year,Fiber optic,1,1,Debit Card,2,53.72,1
1205,Male,1,62,119.19,One year,Fiber optic,0,1,Debit Card,5,7389.78,1
1206,Female,1,49,115.14,One year,Fiber optic,0,0,Debit Card,0,5641.86,0
1207,Male,0,9,33.7,One year,Fiber optic,1,0,Debit Card,1,303.3,1
1208,Female,0,31,73.76,Month-to-month,No,1,0,Bank transfer,4,2286.56,0
1209,Male,0,61,38.49,One year,Fiber optic,0,0,Bank transfer,3,2347.89,1
1210,Male,0,48,62.82,Month-to-month,DSL,1,0,UPI,0,3015.36,1
1211,Male,0,25,26.14,Month-to-month,Fiber optic,1,0,Bank transfer,6,653.5,1
1212,Female,0,36,42.39,Month-to-month,DSL,1,0,Debit Card,1,1526.04,0
1213,Female,0,8,56.33,Month-to-month,DSL,1,1,Credit card,5,450.64,1
1214,Female,0,58,63.86,Month-to-month,DSL,0,1,UPI,2,3703.88,0
1215,Female,0,45,117.75,Month-to-month,Fiber optic,0,0,UPI,7,5298.75,1
1216,Male,0,62,100.79,Month-to-month,Fiber optic,0,1,Debit Card,7,6248.98,0
1217,Female,0,39,93.74,Month-to-month,Fiber optic,0,1,Debit Card,6,3655.86,0
1218,Female,0,58,73.7,Month-to-month,DSL,1,0,Debit Card,1,4274.6,1
1219,Male,0,64,104.0,One year,DSL,1,0,Bank transfer,4,6656.0,0
1220,Male,0,44,53.93,Two year,No,0,0,UPI,3,2372.92,0
1221,Male,0,29,90.89,One year,Fiber optic,0,1,Debit Card,4,2635.81,0
1222,Female,0,59,119.38,Two year,No,0,1,Credit card,1,7043.42,1
1223,Male,0,71,51.46,One year,DSL,0,0,UPI,0,3653.66,0
1224,Male,0,9,87.4,Month-to-month,DSL,0,1,UPI,6,786.6,1
1225,Male,0,6,104.43,One year,Fiber optic,0,0,Bank transfer,3,626.58,1
1226,Female,1,29,111.58,One year,Fiber optic,0,0,UPI,7,3235.82,0
1227,Male,0,58,91.79,Month-to-month,DSL,0,1,Debit Card,6,5323.82,0
1228,Female,0,17,48.36,Month-to-month,DSL,0,1,Debit Card,6,822.12,1
1229,Female,1,16,52.63,One year,Fiber optic,1,0,Credit card,3,842.08,0
1230,Male,0,3,22.08,Month-to-month,Fiber optic,0,0,UPI,7,66.24,1
1231,Male,0,21,96.09,One year,Fiber optic,0,1,UPI,7,2017.89,1
1232,Female,0,64,24.27,Month-to-month,DSL,0,0,Bank transfer,1,1553.28,1
1233,Male,0,36,106.47,Month-to-month,DSL,0,1,Debit Card,5,3832.92,1
1234,Male,0,62,31.87,Month-to-month,No,1,0,Credit card,5,1975.94,0
1235,Female,0,42,37.19,Month-to-month,DSL,0,0,Debit Card,4,1561.98,1
1236,Female,0,42,67.65,Month-to-month,Fiber optic,1,0,UPI,1,2841.3,1
1237,Male,0,61,93.79,One year,Fiber optic,0,0,UPI,3,5721.19,0
1238,Female,0,13,33.9,One year,DSL,0,1,Credit card,1,440.7,0
1239,Male,0,11,64.01,Two year,Fiber optic,0,0,UPI,3,704.11,0
1240,Male,0,54,68.29,Month-to-month,Fiber optic,1,0,Credit card,6,3687.66,1
1241,Male,0,16,41.23,One year,Fiber optic,0,0,Credit card,4,659.68,1
1242,Female,0,8,31.56,Month-to-month,Fiber optic,1,0,Debit Card,0,252.48,0
1243,Male,0,59,103.64,Month-to-month,DSL,0,1,Credit card,6,6114.76,1
1244,Male,0,57,70.25,Month-to-month,Fiber optic,0,1,UPI,7,4004.25,0
1245,Male,0,40,21.44,Month-to-month,Fiber optic,1,0,Bank transfer,0,857.6,1
1246,Female,0,59,100.3,Month-to-month,Fiber optic,1,1,Bank transfer,1,5917.7,1
1247,Female,1,2,118.08,Month-to-month,DSL,0,1,UPI,3,236.16,0
1248,Female,0,10,80.59,One year,Fiber optic,0,1,Bank transfer,0,805.9,0
1249,Female,0,44,70.37,One year,No,0,0,Bank transfer,6,3096.28,1
1250,Female,0,11,107.84,Month-to-month,Fiber optic,0,0,Credit card,3,1186.24,1
1251,Male,0,2,115.25,Month-to-month,Fiber optic,1,0,Bank transfer,4,230.5,1
1252,Female,0,50,95.45,Month-to-month,Fiber optic,0,1,Bank transfer,6,4772.5,1
1253,Female,1,12,64.55,Month-to-month,Fiber optic,0,1,Bank transfer,7,774.6,1
1254,Female,0,23,79.22,One year,No,1,0,Debit Card,1,1822.06,0
1255,Male,0,18,90.09,Month-to-month,DSL,1,0,UPI,3,1621.62,1
1256,Female,0,62,39.43,One year,Fiber optic,0,0,Credit card,1,2444.66,1
1257,Female,0,62,64.72,Two year,DSL,1,0,Bank transfer,3,4012.64,0
1258,Male,0,38,102.98,Month-to-month,Fiber optic,0,1,UPI,6,3913.24,1
1259,Female,0,67,85.47,Two year,DSL,0,0,Bank transfer,5,5726.49,0
1260,Male,0,38,61.12,Month-to-month,Fiber optic,1,0,Debit Card,5,2322.56,1
1261,Male,0,67,86.34,Month-to-month,DSL,0,1,Debit Card,3,5784.78,0
1262,Male,0,61,31.82,Month-to-month,Fiber optic,0,0,Bank transfer,4,1941.02,1
1263,Male,1,1,60.15,Month-to-month,Fiber optic,0,1,Bank transfer,1,60.15,1
1264,Male,0,45,99.31,Month-to-month,DSL,1,0,Bank transfer,7,4468.95,1
1265,Female,0,28,42.05,Month-to-month,No,0,0,Debit Card,2,1177.4,1
1266,Male,0,21,38.6,One year,Fiber optic,0,0,Debit Card,3,810.6,0
1267,Male,0,13,115.08,Two year,Fiber optic,0,1,UPI,3,1496.04,1
1268,Female,1,27,40.99,One year,Fiber optic,0,0,Credit card,5,1106.73,1
1269,Male,0,7,46.09,Month-to-month,DSL,0,0,Credit card,0,322.63,0
1270,Female,0,22,116.96,One year,Fiber optic,1,1,Debit Card,6,2573.12,0
1271,Female,1,53,93.47,One year,DSL,0,0,Credit card,5,4953.91,1
1272,Female,0,4,89.96,One year,Fiber optic,0,0,Bank transfer,1,359.84,1
1273,Male,1,23,105.29,One year,Fiber optic,0,0,UPI,5,2421.67,0
1274,Male,0,70,31.58,Two year,DSL,0,0,Debit Card,2,2210.6,0
1275,Male,0,33,90.6,Month-to-month,Fiber optic,1,1,Debit Card,4,2989.8,1
1276,Female,0,28,70.37,One year,DSL,0,1,Credit card,6,1970.36,1
1277,Male,0,8,102.92,Month-to-month,No,0,1,Bank transfer,2,823.36,0
1278,Male,1,1,70.81,Two year,DSL,0,1,UPI,4,70.81,0
1279,Male,0,37,82.02,Month-to-month,Fiber optic,0,0,Credit card,2,3034.74,0
1280,Female,0,63,67.77,Month-to-month,DSL,0,1,Debit Card,7,4269.51,1
1281,Female,0,22,67.82,Month-to-month,Fiber optic,1,0,Debit Card,6,1492.04,1
1282,Male,0,70,96.8,One year,Fiber optic,0,0,Credit card,5,6776.0,0
1283,Male,0,21,82.86,Month-to-month,DSL,1,0,Bank transfer,2,1740.06,1
1284,Male,1,35,83.33,Month-to-month,Fiber optic,0,0,UPI,5,2916.55,1
1285,Male,0,5,65.03,Two year,Fiber optic,0,1,UPI,6,325.15,1
1286,Female,0,60,73.11,Two year,Fiber optic,0,0,UPI,5,4386.6,1
1287,Female,0,46,94.57,Month-to-month,Fiber optic,1,0,UPI,1,4350.22,1
1288,Female,0,50,102.59,Month-to-month,Fiber optic,0,0,Bank transfer,5,5129.5,1
1289,Female,0,48,89.66,One year,DSL,0,0,Debit Card,0,4303.68,0
1290,Male,0,6,112.41,Two year,DSL,0,0,Debit Card,2,674.46,0
1291,Male,1,56,102.03,Month-to-month,Fiber optic,1,1,UPI,6,5713.68,0
1292,Male,0,59,76.19,One year,Fiber optic,0,0,UPI,3,4495.21,1
1293,Female,0,29,87.14,Month-to-month,DSL,0,1,UPI,3,2527.06,1
1294,Male,0,71,112.63,One year,DSL,1,0,Credit card,3,7996.73,0
1295,Female,1,18,81.92,One year,Fiber optic,1,0,Credit card,6,1474.56,1
1296,Female,0,2,102.48,Month-to-month,No,0,1,Debit Card,0,204.96,0
1297,Male,0,8,88.88,Month-to-month,DSL,0,1,Debit Card,5,711.04,1
1298,Male,0,54,75.19,Two year,Fiber optic,0,0,UPI,2,4060.26,1
1299,Male,0,38,44.18,One year,Fiber optic,0,1,Credit card,4,1678.84,0
1300,Female,0,48,62.6,Month-to-month,Fiber optic,1,1,Bank transfer,4,3004.8,1
1301,Male,0,27,116.77,One year,DSL,0,1,Credit card,6,3152.79,0
1302,Female,0,20,85.78,One year,Fiber optic,1,1,Debit Card,1,1715.6,0
1303,Male,0,12,76.44,Month-to-month,Fiber optic,0,1,Credit card,0,917.28,1
1304,Female,1,43,113.3,One year,DSL,0,0,Debit Card,2,4871.9,1
1305,Female,0,61,78.65,Month-to-month,Fiber optic,0,1,UPI,5,4797.65,0
1306,Male,0,31,72.61,Two year,DSL,1,0,Bank transfer,3,2250.91,0
1307,Female,0,61,95.93,Month-to-month,DSL,0,1,UPI,0,5851.73,1
1308,Female,0,67,91.27,Month-to-month,Fiber optic,0,0,UPI,0,6115.09,1
1309,Male,0,35,39.32,Month-to-month,Fiber optic,0,0,Bank transfer,2,1376.2,1
1310,Female,0,15,67.13,One year,DSL,1,0,Bank transfer,6,1006.95,0
1311,Male,0,16,67.25,One year,Fiber optic,1,0,Bank transfer,5,1076.0,0
1312,Female,0,13,57.82,Two year,Fiber optic,0,0,Debit Card,7,751.66,0
1313,Male,0,35,71.73,One year,Fiber optic,0,0,UPI,7,2510.55,0
1314,Male,0,59,61.31,Month-to-month,Fiber optic,1,1,Debit Card,6,3617.29,1
1315,Female,0,21,39.93,Two year,DSL,1,1,Bank transfer,6,838.53,0
1316,Female,0,54,61.24,Month-to-month,No,0,0,Debit Card,1,3306.96,1
1317,Female,0,30,27.23,One year,Fiber optic,0,1,Bank transfer,6,816.9,1
1318,Female,0,48,77.58,Month-to-month,Fiber optic,0,0,Credit card,5,3723.84,1
1319,Female,0,35,105.37,One year,Fiber optic,0,0,Bank transfer,1,3687.95,1
1320,Male,0,38,92.53,One year,DSL,1,1,UPI,7,3516.14,0
1321,Female,0,31,56.04,One year,DSL,0,1,UPI,1,1737.24,0
1322,Male,0,24,28.71,Month-to-month,Fiber optic,0,0,UPI,3,689.04,0
1323,Male,0,49,40.21,Month-to-month,Fiber optic,0,0,Debit Card,3,1970.29,0
1324,Female,1,32,74.55,Month-to-month,Fiber optic,1,0,UPI,7,2385.6,1
1325,Male,1,55,40.71,One year,No,0,0,Bank transfer,2,2239.05,0
1326,Male,1,58,74.4,Month-to-month,DSL,0,0,Credit card,7,4315.2,1
1327,Male,0,3,43.16,Two year,Fiber optic,0,1,UPI,5,129.48,1
1328,Male,0,69,104.89,Month-to-month,Fiber optic,0,1,Debit Card,6,7237.41,1
1329,Female,1,10,59.73,Month-to-month,DSL,0,1,Credit card,1,597.3,1
1330,Male,0,25,44.56,One year,Fiber optic,1,0,UPI,2,1114.0,0
1331,Female,0,68,101.23,Month-to-month,Fiber optic,0,1,UPI,1,6883.64,0
1332,Female,0,61,54.28,Two year,Fiber optic,0,0,Credit card,0,3311.08,0
1333,Male,0,29,31.15,One year,DSL,0,0,UPI,4,903.35,1
1334,Female,1,19,77.04,Month-to-month,DSL,0,0,Debit Card,4,1463.76,1
1335,Female,0,43,78.16,Month-to-month,DSL,0,1,Bank transfer,1,3360.88,0
1336,Female,0,66,91.47,Month-to-month,Fiber optic,0,1,Bank transfer,2,6037.02,0
1337,Male,0,61,44.02,Month-to-month,DSL,0,0,Credit card,7,2685.22,1
1338,Female,0,43,64.38,One year,Fiber optic,0,0,Bank transfer,3,2768.34,0
1339,Female,0,25,48.24,Month-to-month,Fiber optic,1,0,UPI,5,1206.0,1
1340,Female,0,20,28.1,Month-to-month,Fiber optic,0,1,UPI,1,562.0,1
1341,Male,0,48,107.66,Month-to-month,Fiber optic,0,0,Debit Card,1,5167.68,1
1342,Female,1,24,92.89,Month-to-month,Fiber optic,0,0,Bank transfer,5,2229.36,1
1343,Male,0,11,50.15,Month-to-month,Fiber optic,1,1,Credit card,7,551.65,1
1344,Male,0,55,79.94,Two year,Fiber optic,0,0,UPI,6,4396.7,0
1345,Male,0,28,40.13,One year,Fiber optic,1,0,Credit card,3,1123.64,1
1346,Male,0,69,109.02,One year,Fiber optic,0,0,UPI,1,7522.38,1
1347,Male,0,63,31.49,One year,Fiber optic,1,1,UPI,0,1983.87,0
1348,Male,0,59,20.38,Month-to-month,DSL,0,0,Debit Card,3,1202.42,1
1349,Female,0,5,70.2,Two year,Fiber optic,0,1,Bank transfer,0,351.0,1
1350,Male,0,51,78.31,Month-to-month,No,0,1,Debit Card,4,3993.81,1
1351,Female,1,21,77.9,Month-to-month,DSL,0,0,Bank transfer,5,1635.9,1
1352,Female,0,12,25.45,Month-to-month,DSL,1,0,Credit card,3,305.4,0
1353,Male,0,50,51.4,Month-to-month,DSL,0,0,Bank transfer,6,2570.0,1
1354,Female,0,4,69.92,One year,Fiber optic,1,0,Credit card,3,279.68,0
1355,Female,0,42,41.66,Month-to-month,DSL,0,1,UPI,2,1749.72,0
1356,Female,0,38,107.26,One year,Fiber optic,0,1,Credit card,2,4075.88,1
1357,Female,1,25,28.71,Month-to-month,DSL,0,0,Credit card,5,717.75,1
1358,Male,1,14,68.74,Month-to-month,DSL,0,0,UPI,6,962.36,1
1359,Female,0,32,89.14,One year,Fiber optic,1,0,Credit card,3,2852.48,0
1360,Male,1,11,46.18,Month-to-month,DSL,0,0,Credit card,7,507.98,1
1361,Female,0,61,82.42,Month-to-month,No,0,0,UPI,4,5027.62,1
1362,Female,0,18,102.94,Month-to-month,DSL,1,0,UPI,6,1852.92,1
1363,Male,0,27,39.03,One year,Fiber optic,0,1,UPI,1,1053.81,0
1364,Female,1,55,111.72,One year,DSL,0,0,Bank transfer,5,6144.6,1
1365,Female,0,54,75.36,Month-to-month,DSL,0,0,UPI,7,4069.44,1
1366,Female,0,21,49.92,Two year,No,0,1,UPI,6,1048.32,1
1367,Male,0,44,63.09,Two year,Fiber optic,0,0,Credit card,5,2775.96,0
1368,Female,0,5,51.22,One year,DSL,0,0,Debit Card,6,256.1,0
1369,Male,0,41,92.51,One year,Fiber optic,0,0,Debit Card,2,3792.91,1
1370,Female,1,59,99.63,Month-to-month,Fiber optic,1,0,Bank transfer,4,5878.17,0
1371,Male,0,54,103.29,One year,DSL,0,1,Bank transfer,5,5577.66,1
1372,Male,0,22,118.58,Month-to-month,DSL,1,1,Debit Card,4,2608.76,0
1373,Female,1,65,99.13,Month-to-month,No,0,1,Debit Card,5,6443.45,0
1374,Female,0,64,80.14,Two year,No,0,1,UPI,2,5128.96,1
1375,Male,1,71,53.92,One year,No,0,0,Credit card,1,3828.32,0
1376,Male,0,4,74.46,Month-to-month,Fiber optic,0,1,UPI,7,297.84,1
1377,Female,0,65,24.11,Month-to-month,Fiber optic,0,1,Bank transfer,2,1567.15,1
1378,Male,0,15,94.48,One year,DSL,1,0,Debit Card,5,1417.2,0
1379,Female,1,22,64.6,Month-to-month,DSL,1,0,Bank transfer,4,1421.2,0
1380,Female,0,47,22.0,Month-to-month,DSL,0,0,UPI,0,1034.0,1
1381,Female,0,46,26.25,Month-to-month,Fiber optic,0,0,Bank transfer,2,1207.5,1
1382,Female,0,14,58.75,Month-to-month,Fiber optic,0,0,Bank transfer,4,822.5,1
1383,Male,0,50,78.34,One year,Fiber optic,0,1,Credit card,6,3917.0,1
1384,Female,0,20,66.42,Month-to-month,No,0,1,Bank transfer,6,1328.4,0
1385,Male,0,50,81.92,One year,Fiber optic,1,0,UPI,2,4096.0,0
1386,Female,1,33,68.03,Month-to-month,No,0,0,Credit card,5,2244.99,1
1387,Male,0,59,86.17,One year,DSL,1,1,Bank transfer,6,5084.03,0
1388,Female,0,43,41.91,Two year,Fiber optic,0,1,UPI,4,1802.13,0
1389,Male,0,12,31.28,One year,Fiber optic,0,0,Debit Card,7,375.36,1
1390,Male,1,40,79.64,Two year,DSL,0,1,Credit card,1,3185.6,0
1391,Female,0,20,68.47,Two year,No,0,1,Bank transfer,4,1369.4,0
1392,Female,0,38,22.69,Month-to-month,Fiber optic,0,1,Bank transfer,6,862.22,1
1393,Female,0,3,58.05,One year,DSL,0,0,Credit card,6,174.15,1
1394,Female,0,28,30.61,Two year,DSL,1,0,UPI,3,857.08,1
1395,Male,0,56,73.14,Month-to-month,Fiber optic,1,1,Bank transfer,0,4095.84,0
1396,Female,0,13,59.58,Month-to-month,Fiber optic,0,0,UPI,5,774.54,1
1397,Male,0,66,81.32,Two year,No,1,1,Credit card,4,5367.12,0
1398,Male,0,37,100.56,One year,DSL,0,0,Bank transfer,6,3720.72,1
1399,Female,0,49,49.97,Month-to-month,DSL,1,0,Debit Card,5,2448.53,0
1400,Male,0,66,116.21,Month-to-month,DSL,0,0,Debit Card,2,7669.86,1
1401,Male,0,36,73.56,One year,DSL,0,0,Debit Card,2,2648.16,0
1402,Male,0,54,81.83,Month-to-month,DSL,0,1,Credit card,4,4418.82,0
1403,Male,0,26,88.07,One year,No,0,0,Bank transfer,3,2289.82,0
1404,Female,0,40,86.67,One year,DSL,0,1,Credit card,6,3466.8,1
1405,Female,0,43,71.1,One year,Fiber optic,0,1,Bank transfer,4,3057.3,0
1406,Female,0,22,62.88,Month-to-month,DSL,0,0,Debit Card,1,1383.36,1
1407,Female,0,20,25.38,One year,DSL,0,1,Debit Card,3,507.6,0
1408,Male,0,8,22.21,One year,Fiber optic,0,0,UPI,6,177.68,1
1409,Male,0,29,55.8,One year,Fiber optic,0,1,Credit card,6,1618.2,1
1410,Female,0,40,53.37,Month-to-month,Fiber optic,0,0,Credit card,5,2134.8,1
1411,Female,0,30,58.77,Month-to-month,Fiber optic,0,0,UPI,4,1763.1,1
1412,Female,0,55,33.84,Two year,DSL,1,0,Debit Card,6,1861.2,0
1413,Male,0,16,93.82,Month-to-month,Fiber optic,0,1,Debit Card,5,1501.12,1
1414,Female,0,46,105.7,Month-to-month,DSL,0,1,Credit card,6,4862.2,0
1415,Female,0,62,113.87,Month-to-month,Fiber optic,0,0,Bank transfer,0,7059.94,0
1416,Female,1,7,69.24,One year,DSL,0,0,Debit Card,3,484.68,1
1417,Male,0,45,90.09,Month-to-month,Fiber optic,0,0,UPI,4,4054.05,1
1418,Male,0,59,105.56,Month-to-month,DSL,0,1,UPI,0,6228.04,0
1419,Male,0,56,61.83,Month-to-month,Fiber optic,0,0,UPI,4,3462.48,1
1420,Male,0,48,50.94,One year,No,1,1,Credit card,1,2445.12,0
1421,Male,0,27,113.67,Month-to-month,Fiber optic,0,0,Credit card,2,3069.09,1
1422,Male,0,53,71.57,Month-to-month,Fiber optic,1,0,Credit card,7,3793.21,1
1423,Male,0,35,69.73,Month-to-month,No,0,1,Credit card,5,2440.55,1
1424,Male,1,51,37.84,Two year,Fiber optic,0,1,UPI,4,1929.84,1
1425,Female,0,37,30.82,Month-to-month,DSL,0,1,UPI,3,1140.34,0
1426,Female,0,57,104.21,Month-to-month,DSL,0,0,Credit card,4,5939.97,1
1427,Male,0,8,81.41,Month-to-month,Fiber optic,0,1,Credit card,4,651.28,1
1428,Male,0,20,52.58,Two year,Fiber optic,0,0,UPI,4,1051.6,0
1429,Female,0,53,39.17,One year,DSL,0,1,Credit card,7,2076.01,0
1430,Male,0,12,75.55,Two year,DSL,1,0,Credit card,6,906.6,1
1431,Male,0,49,78.39,One year,No,1,0,Credit card,4,3841.11,0
1432,Male,0,17,40.7,Month-to-month,DSL,0,0,Credit card,6,691.9,1
1433,Female,0,64,105.14,One year,Fiber optic,1,0,Debit Card,3,6728.96,1
1434,Female,0,42,28.43,Month-to-month,DSL,0,0,Credit card,3,1194.06,1
1435,Female,0,29,55.61,Month-to-month,Fiber optic,0,1,UPI,4,1612.69,0
1436,Female,1,19,88.04,Month-to-month,DSL,0,1,UPI,6,1672.76,0
1437,Female,1,11,47.41,Month-to-month,Fiber optic,0,1,UPI,2,521.51,1
1438,Male,0,50,102.77,Two year,DSL,0,0,UPI,4,5138.5,0
1439,Female,0,71,93.99,Month-to-month,Fiber optic,1,0,Credit card,5,6673.29,0
1440,Male,0,58,98.9,Two year,Fiber optic,0,1,Debit Card,5,5736.2,0
1441,Male,0,34,31.91,Month-to-month,DSL,0,0,Bank transfer,3,1084.94,0
1442,Female,1,20,34.05,Month-to-month,Fiber optic,1,0,Bank transfer,7,681.0,1
1443,Female,0,50,48.65,Two year,Fiber optic,0,1,Bank transfer,5,2432.5,1
1444,Male,0,10,71.81,One year,DSL,0,0,Bank transfer,5,718.1,1
1445,Male,0,32,94.8,One year,Fiber optic,0,0,UPI,1,3033.6,0
1446,Male,0,52,103.65,Month-to-month,DSL,0,1,Credit card,4,5389.8,0
1447,Female,0,15,90.43,Month-to-month,Fiber optic,0,0,Credit card,4,1356.45,1
1448,Female,1,3,112.86,One year,DSL,0,1,Bank transfer,4,338.58,0
1449,Female,0,37,93.87,One year,DSL,0,0,Bank transfer,4,3473.19,0
1450,Female,0,40,50.63,Month-to-month,DSL,1,1,Debit Card,0,2025.2,1
1451,Female,1,40,46.51,Two year,Fiber optic,1,0,Debit Card,4,1860.4,0
1452,Male,0,56,89.62,One year,Fiber optic,0,1,Debit Card,7,5018.72,0
1453,Female,0,23,39.29,Two year,Fiber optic,0,0,UPI,6,903.67,1
1454,Male,0,11,29.27,One year,DSL,0,1,Credit card,3,321.97,0
1455,Male,0,64,73.22,One year,DSL,1,0,UPI,6,4686.08,1
1456,Male,1,8,102.16,Month-to-month,Fiber optic,0,0,UPI,7,817.28,1
1457,Female,0,56,30.14,Month-to-month,Fiber optic,0,1,Credit card,3,1687.84,0
1458,Female,1,60,99.19,Two year,DSL,1,0,Debit Card,0,5951.4,0
1459,Female,0,10,101.16,Month-to-month,Fiber optic,1,0,Credit card,4,1011.6,1
1460,Male,1,39,68.23,Month-to-month,DSL,0,0,Bank transfer,2,2660.97,1
1461,Male,0,28,25.73,Month-to-month,Fiber optic,0,0,Debit Card,6,720.44,1
1462,Male,0,49,37.46,Month-to-month,Fiber optic,0,0,Credit card,4,1835.54,1
1463,Male,0,36,90.74,Two year,Fiber optic,0,0,UPI,3,3266.64,1
1464,Male,1,13,91.18,Two year,Fiber optic,0,0,Credit card,6,1185.34,1
1465,Male,0,36,109.84,Month-to-month,DSL,0,1,Debit Card,1,3954.24,0
1466,Female,0,26,78.27,Month-to-month,Fiber optic,0,0,Bank transfer,5,2035.02,1
1467,Female,0,4,32.41,One year,Fiber optic,0,0,UPI,1,129.64,1
1468,Female,0,64,32.14,One year,DSL,0,1,Bank transfer,2,2056.96,0
1469,Female,1,38,92.11,Two year,Fiber optic,0,1,Bank transfer,4,3500.18,1
1470,Male,0,22,38.38,Month-to-month,No,0,0,UPI,0,844.36,1
1471,Male,0,2,52.84,Month-to-month,Fiber optic,1,0,Credit card,4,105.68,1
1472,Female,0,31,68.72,Month-to-month,DSL,0,1,Credit card,2,2130.32,0
1473,Male,0,11,22.48,Two year,Fiber optic,0,0,Bank transfer,2,247.28,1
1474,Female,0,46,44.88,One year,Fiber optic,0,0,Credit card,5,2064.48,0
1475,Female,0,62,60.79,One year,DSL,0,0,Debit Card,2,3768.98,1
1476,Female,0,69,47.96,Month-to-month,Fiber optic,0,1,Bank transfer,1,3309.24,0
1477,Male,0,64,33.64,One year,Fiber optic,1,0,Bank transfer,5,2152.96,0
1478,Female,0,10,92.8,One year,Fiber optic,0,1,Bank transfer,4,928.0,1
1479,Female,0,40,101.31,Month-to-month,DSL,1,1,Debit Card,6,4052.4,1
1480,Female,0,24,45.75,Month-to-month,Fiber optic,0,0,Bank transfer,4,1098.0,1
1481,Male,0,44,97.44,Month-to-month,No,0,1,Credit card,0,4287.36,0
1482,Male,0,60,58.56,Month-to-month,Fiber optic,1,0,Credit card,2,3513.6,1
1483,Female,1,62,70.67,Month-to-month,Fiber optic,0,0,Credit card,2,4381.54,1
1484,Male,1,17,105.6,Month-to-month,DSL,0,0,Credit card,3,1795.2,1
1485,Male,0,65,95.0,Month-to-month,DSL,0,0,Bank transfer,5,6175.0,1
1486,Male,0,57,100.51,Month-to-month,Fiber optic,0,0,Debit Card,3,5729.07,1
1487,Male,1,55,33.68,Month-to-month,DSL,1,0,UPI,5,1852.4,1
1488,Male,0,53,26.97,Two year,Fiber optic,1,0,Credit card,1,1429.41,0
1489,Male,0,56,109.34,Month-to-month,DSL,1,0,UPI,5,6123.04,1
1490,Male,0,9,58.78,One year,Fiber optic,0,0,UPI,4,529.02,0
1491,Male,0,22,48.79,Month-to-month,DSL,0,1,Bank transfer,0,1073.38,1
1492,Male,0,13,92.47,One year,No,0,0,Credit card,6,1202.11,0
1493,Male,0,48,103.64,Month-to-month,DSL,1,1,Credit card,5,4974.72,0
1494,Female,1,18,106.25,One year,DSL,0,0,Credit card,5,1912.5,1
1495,Female,1,40,51.6,Month-to-month,DSL,0,0,UPI,5,2064.0,1
1496,Male,0,17,105.22,One year,Fiber optic,1,0,Credit card,0,1788.74,0
1497,Female,0,15,24.09,Month-to-month,DSL,0,0,Credit card,2,361.35,1
1498,Female,0,15,24.97,One year,DSL,0,0,Debit Card,0,374.55,0
1499,Male,0,63,82.35,Month-to-month,DSL,1,0,Bank transfer,7,5188.05,1
1500,Male,0,39,26.31,Month-to-month,Fiber optic,0,1,Credit card,7,1026.09,0
